Replications,Plot_Size,Spacing_Row,Spacing_Plant,Latitude,Longitude,Temperature_Max,Temperature_Min,Average_Temperature,Rainfall,Humidity,Soil_pH,EC,Organic_Carbon,Organic_Matter,Nitrogen,Phosphorus,Potassium,Sulphur,Iron,Copper,Manganese,Zinc,Dose,Shoot_Length_cm,Root_Length_cm,Plant_Height_cm,Shoot_Biomass_g,Root_Biomass_g,Leaf_Area_cm2,Leaf_Number,Tillers,Root_Diameter_mm,SPAD,Dry_Matter,Branches,Flowers,Plant_Height_30_cm,Plant_Height_60_cm,Plant_Height_90_cm,Plant_Height_120_cm,Leaf_Area_30_cm2,Leaf_Area_60_cm2,Leaf_Area_90_cm2,Leaf_Area_120_cm2,Yield_per_Plot,Yield_per_Acre,Yield_per_Hectare,Fruit_Weight,Fruit_Diameter_mm,Spike_Length,Seeds_per_Spike,100_Seed_Weight,Biomass_Yield,Ash,Yield_per_Plant,N_x_P,Crop_Yield_Min,Crop_Yield_Max,Crop_Opt_Temp_Min,Crop_Opt_Temp_Max,Crop_Opt_Rain_Min,Crop_Opt_Rain_Max,Yield_Lower_Bound,Yield_Upper_Bound,Optimal_pH_Min,Optimal_pH_Max,_replicates,Temp_Range,Temp_CV,Temp_Above_10,Temp_Above_15,Temp_Above_20,Temp_Above_25,Temp_Above_30,Temp_Above_35,Rainfall_log,Rainfall_sqrt,Rainfall_squared,Rainfall_Bin,Rainfall_100_bin,N_log,N_sqrt,N_squared,N_category,P_log,P_squared,P_category,K_log,K_squared,K_category,NPK_sum,NPK_ratio_N,NPK_ratio_P,NPK_ratio_K,N_x_K,P_x_K,N_plus_P,N_plus_K,P_plus_K,Soil_pH_squared,Soil_pH_neutral,Soil_pH_acidic,Soil_pH_alkaline,OC_log,OC_squared,C_N_ratio,N_P_ratio,P_K_ratio,Biomass_log,Biomass_sqrt,Biomass_squared,Humidity_squared,Humidity_log,Height_log,Height_sqrt,Height_squared,SPAD_log,SPAD_squared,SPAD_category,Height_x_LeafArea,Height_x_ShootBiomass,Temperature_Max_7d_MA,Temperature_Min_7d_MA,Average_Temperature_7d_MA,Temp_x_N,Rainfall_x_N,Rainfall_x_P,Rainfall_x_K,OC_x_pH,EC_x_pH,Plant_Height_cm_log,Shoot_Biomass_g_log,Root_Biomass_g_log,Leaf_Area_cm2_log,Fruit_Weight_log,100_Seed_Weight_log,EC_log,EC_squared,EC_category,Rainfall_x_pH,Rainfall_x_OC,N_x_pH,P_x_pH,K_x_pH,Height_x_N,Height_x_Rainfall,Height_x_pH,Tmax_x_N,Tmax_x_Rainfall,Tmin_x_Rainfall,Humidity_x_Rainfall,Humidity_x_N,EC_x_OC,N_x_OC,P_x_OC,K_x_OC,LA_log,LA_squared,ShootBiomass_log,RootBiomass_log,Shoot_Root_Ratio,Root_Shoot_Ratio,Root_pct,N_x_P_x_pH,FruitWeight_log,FruitWeight_sqrt,FruitWeight_squared,SeedWeight_log,SeedWeight_squared,HI_squared,HI_log,Tavg_squared,Tavg_log,NPK_x_pH,N_Rainfall_ratio,Biomass_x_N,Biomass_N_ratio,Biomass_x_pH,SPAD_x_N,LA_x_N,Height_x_P,Height_x_K,Height_x_SPAD
,,,,,,,,,,,,,,,,,,,,,,,,,,,,,,,,,,,,,,,,,,,,,,,,,,,,,,,,,,,,,,,,,,,,,,,,,,,,,,,,,,,,,,,,,,,,,,,,,,,,,,,,,,,,,,,,,,,,,,,,,,,,,,,,,,,,,,,,,,,,,,,,,,,,,,,,,,,,,,,,,,,,,,,,,,,,,,,,,,,,,,,
,,,,,,,,,,,,,,,,,,,,,,,,,,,,,,,,,,,,,,,,,,,,,,,,,,,,,,,,,,,,,,,,,,,,,,,,,,,,,,,,,,,,,,,,,,,,,,,,,,,,,,,,,,,,,,,,,,,,,,,,,,,,,,,,,,,,,,,,,,,,,,,,,,,,,,,,,,,,,,,,,,,,,,,,,,,,,,,,,,,,,,,
,,,,,,,,,,,,,,,,,,,,,,,,,,,,,,,,,,,,,,,,,,,,,,,,,,,,,,,,,,,,,,,,,,,,,,,,,,,,,,,,,,,,,,,,,,,,,,,,,,,,,,,,,,,,,,,,,,,,,,,,,,,,,,,,,,,,,,,,,,,,,,,,,,,,,,,,,,,,,,,,,,,,,,,,,,,,,,,,,,,,,,,
,,,,,,,,,,,,,,,,,,,,,,,,,,,,,,,,,,,,,,,,,,,,,,,,,,,,,,,,,,,,,,,,,,,,,,,,,,,,,,,,,,,,,,,,,,,,,,,,,,,,,,,,,,,,,,,,,,,,,,,,,,,,,,,,,,,,,,,,,,,,,,,,,,,,,,,,,,,,,,,,,,,,,,,,,,,,,,,,,,,,,,,
,,,,,,,,,,,,,,,,,,,,,,,,,,,,,,,,,,,,,,,,,,,,,,,,,,,,,,,,,,,,,,,,,,,,,,,,,,,,,,,,,,,,,,,,,,,,,,,,,,,,,,,,,,,,,,,,,,,,,,,,,,,,,,,,,,,,,,,,,,,,,,,,,,,,,,,,,,,,,,,,,,,,,,,,,,,,,,,,,,,,,,,
,,,,,,,,,,,,,,,,,,,,,,,,,,,,,,,,,,,,,,,,,,,,,,,,,,,,,,,,,,,,,,,,,,,,,,,,,,,,,,,,,,,,,,,,,,,,,,,,,,,,,,,,,,,,,,,,,,,,,,,,,,,,,,,,,,,,,,,,,,,,,,,,,,,,,,,,,,,,,,,,,,,,,,,,,,,,,,,,,,,,,,,
,,,,,,1.0,1.0,,0.9999999999999994,-1.0,0.028170061889474476,,-0.19285326454966195,,0.20961339660250838,-0.14149478261642034,,,,,,,7.537827826820543e-18,0.9752765581141098,-0.9724280063484588,,0.07423952381003097,-0.9212190962388737,-0.9618078995975502,,,,,,,,,,,,,,,,,,,,,,,,-0.3879255145042692,,,,-1.0,-0.9999999999999998,-0.9999999999999999,,,,-1.0,-0.9999999999999998,,,-0.7483314773547874,-1.0,-1.0,1.0,1.0,1.0,1.0,,,1.0,1.0,1.0,0.9999999999999999,1.0,0.2098870369680046,0.20977371612687173,0.20911636697312289,0.2100902925755565,-0.1382662539392352,-0.14198649917984013,-0.1421484631187071,,,,0.20922394989619686,0.20988367967541544,-0.19670696295154805,-0.20974489394553628,0.20961339660250852,-0.14149478261642037,0.20922394989619694,0.2096133966025084,-0.14149478261642015,0.03327783667178703,0.03664869666811011,0.10000000000000009,,-0.19213120609213932,-0.1940778195957384,-0.20842648101755157,0.16021582365815326,-0.1414947826164204,-0.35673647094941313,-0.37129563745335975,-0.41668531918953355,-1.0,-0.9999999999999997,,,,,,,,,0.7585686508908869,0.7585686508908865,,0.20961339660250827,0.7244779471968971,0.9251919063909133,1.0,-0.18957870353264267,,,0.055981197723653536,-0.9230254342289114,-0.9516624182824479,,,,,,0.9990891778420602,0.8876628236040897,0.20948930850328482,-0.1398250235921073,0.028170061889473092,,,,0.3280751159125039,1.0,1.0,1.0,0.14202980705394141,,0.03498962344526682,-0.20408061125591467,-0.19285326454966178,-0.9516624182824479,-0.9179515142139923,0.055981197723653536,-0.9230254342289114,0.9335629299475607,-0.9609233031702842,-0.9629985215595569,0.12314448060404386,,,,,,,,,,0.2083573954513104,-0.9998039392925488,-0.3879255145042694,-0.3879255145042691,-0.3879255145042691,,-0.863394930817863,,,
,,,,,,1.0,1.0,,0.999999999999999,-0.9999999999999998,0.028170061889474338,,-0.19285326454966129,,0.20961339660250775,-0.1414947826164199,,,,,,,5.384162733443249e-17,0.9752765581141098,-0.9724280063484589,,0.07423952381003107,-0.9212190962388733,-0.9618078995975499,,,,,,,,,,,,,,,,,,,,,,,,-0.38792551450426904,,,,-1.0,-1.0,-1.0,,,,-1.0,-1.0,,,-0.7483314773547881,-0.9999999999999999,-1.0,0.9999999999999991,0.9999999999999991,1.0,0.9999999999999998,,,0.9999999999999996,0.9999999999999998,1.0,0.9999999999999998,0.9999999999999994,0.20988703696800393,0.20977371612687093,0.2091163669731222,0.2100902925755559,-0.1382662539392347,-0.14198649917983974,-0.14214846311870652,,,,0.20922394989619622,0.20988367967541474,-0.19670696295154763,-0.20974489394553564,0.20961339660250775,-0.1414947826164198,0.20922394989619625,0.20961339660250766,-0.14149478261641957,0.03327783667178689,0.036648696668110034,0.09999999999999991,,-0.1921312060921386,-0.1940778195957377,-0.20842648101755093,0.16021582365815273,-0.14149478261641993,-0.3567364709494132,-0.37129563745335975,-0.41668531918953344,-1.0,-0.9999999999999993,,,,,,,,,0.7585686508908871,0.7585686508908868,,0.20961339660250766,0.7244779471968966,0.9251919063909128,0.9999999999999997,-0.18957870353264225,,,0.05598119772365364,-0.9230254342289113,-0.9516624182824476,,,,,,0.9990891778420599,0.8876628236040895,0.20948930850328423,-0.13982502359210672,0.028170061889472995,,,,0.328075115912503,0.9999999999999994,0.9999999999999993,0.9999999999999997,0.1420298070539408,,0.03498962344526675,-0.204080611255914,-0.19285326454966117,-0.9516624182824476,-0.9179515142139922,0.05598119772365364,-0.9230254342289113,0.933562929947561,-0.9609233031702845,-0.9629985215595566,0.12314448060404355,,,,,,,,,,0.2083573954513097,-0.9998039392925487,-0.3879255145042692,-0.3879255145042691,-0.3879255145042688,,-0.8633949308178627,,,
,,,,,,,,,,,,,,,,,,,,,,,,,,,,,,,,,,,,,,,,,,,,,,,,,,,,,,,,,,,,,,,,,,,,,,,,,,,,,,,,,,,,,,,,,,,,,,,,,,,,,,,,,,,,,,,,,,,,,,,,,,,,,,,,,,,,,,,,,,,,,,,,,,,,,,,,,,,,,,,,,,,,,,,,,,,,,,,,,,,,,,,
,,,,,,0.9999999999999994,0.999999999999999,,1.0,-1.0,0.02817006188947432,,-0.19285326454966129,,0.20961339660250788,-0.14149478261641985,,,,,,,3.9241157573280327e-17,0.9752765581141101,-0.9724280063484592,,0.07423952381003106,-0.9212190962388738,-0.9618078995975502,,,,,,,,,,,,,,,,,,,,,,,,-0.38792551450426926,,,,-1.0,-0.9999999999999999,-1.0,,,,-1.0,-0.9999999999999999,,,-0.748331477354788,-1.0,-0.9999999999999994,1.0,0.9999999999999998,1.0,0.9999999999999998,,,0.9999999999999999,0.9999999999999997,0.9999999999999997,1.0,1.0,0.20988703696800412,0.20977371612687112,0.20911636697312244,0.210090292575556,-0.13826625393923472,-0.14198649917983977,-0.1421484631187065,,,,0.2092239498961963,0.20988367967541488,-0.1967069629515475,-0.2097448939455358,0.20961339660250794,-0.14149478261641982,0.2092239498961963,0.20961339660250786,-0.14149478261641962,0.033277836671786895,0.03664869666811005,0.09999999999999999,,-0.19213120609213868,-0.19407781959573783,-0.20842648101755085,0.16021582365815273,-0.14149478261641996,-0.3567364709494133,-0.37129563745335986,-0.4166853191895336,-0.9999999999999999,-0.9999999999999996,,,,,,,,,0.7585686508908867,0.7585686508908864,,0.20961339660250775,0.7244779471968966,0.9251919063909128,1.0,-0.1895787035326423,,,0.05598119772365365,-0.9230254342289115,-0.9516624182824479,,,,,,0.9990891778420593,0.8876628236040897,0.20948930850328437,-0.1398250235921068,0.02817006188947296,,,,0.3280751159125032,0.9999999999999997,0.9999999999999999,0.9999999999999993,0.14202980705394086,,0.034989623445266675,-0.20408061125591417,-0.19285326454966134,-0.9516624182824479,-0.9179515142139925,0.05598119772365365,-0.9230254342289115,0.9335629299475606,-0.9609233031702847,-0.9629985215595568,0.12314448060404355,,,,,,,,,,0.20835739545130982,-0.9998039392925486,-0.3879255145042694,-0.38792551450426904,-0.3879255145042688,,-0.863394930817863,,,
,,,,,,-1.0,-0.9999999999999998,,-1.0,1.0,-0.028170061889474466,,0.19285326454966126,,-0.2096133966025078,0.14149478261641982,,,,,,,0.0,-0.9752765581141101,0.972428006348459,,-0.0742395238100308,0.9212190962388737,0.9618078995975499,,,,,,,,,,,,,,,,,,,,,,,,0.3879255145042695,,,,1.0,0.9999999999999998,1.0,,,,1.0,0.9999999999999998,,,0.7483314773547888,1.0,1.0,-1.0,-1.0,-1.0,-1.0,,,-1.0,-1.0,-1.0,-1.0,-1.0,-0.20988703696800398,-0.20977371612687098,-0.20911636697312205,-0.21009029257555584,0.13826625393923475,0.14198649917983963,0.1421484631187064,,,,-0.20922394989619633,-0.2098836796754148,0.19670696295154752,0.2097448939455357,-0.2096133966025077,0.14149478261641985,-0.2092239498961964,-0.2096133966025078,0.14149478261641968,-0.03327783667178703,-0.03664869666810994,-0.0999999999999999,,0.19213120609213882,0.19407781959573772,0.2084264810175508,-0.1602158236581527,0.14149478261642,0.3567364709494134,0.37129563745336014,0.41668531918953366,1.0,1.0,,,,,,,,,-0.7585686508908871,-0.7585686508908871,,-0.20961339660250766,-0.7244779471968967,-0.9251919063909134,-0.9999999999999997,0.18957870353264208,,,-0.055981197723653384,0.9230254342289115,0.9516624182824478,,,,,,-0.9990891778420602,-0.8876628236040905,-0.2094893085032843,0.1398250235921068,-0.028170061889473085,,,,-0.32807511591250327,-1.0,-1.0,-1.0,-0.14202980705394078,,-0.0349896234452666,0.20408061125591404,0.19285326454966123,0.9516624182824478,0.9179515142139922,-0.055981197723653384,0.9230254342289115,-0.933562929947561,0.9609233031702846,0.9629985215595571,-0.12314448060404358,,,,,,,,,,-0.20835739545130974,0.9998039392925493,0.38792551450426943,0.3879255145042693,0.3879255145042691,,0.8633949308178627,,,
,,,,,,0.028170061889474476,0.028170061889474338,,0.02817006188947432,-0.028170061889474466,1.0,,0.012359739229542116,,0.09511860415856824,-0.12884164602404938,,,,,,,-0.2226606721663237,,,-0.9986314190735257,,,-0.05019461207210273,,,,,-0.03253551155607949,,,,,,,,,,,,,,,,,,,,-0.5943198013861761,,-0.07201635233187567,-0.10153461651336217,-0.10153461651336218,-0.1015346165133621,,,,-0.10153461651336217,-0.10153461651336218,,,0.06587670009664257,-0.02817006188947427,-0.028170061889474268,0.028170061889474244,0.028170061889474265,0.028170061889474275,0.028170061889474254,,,0.028170061889474227,0.02817006188947421,0.028170061889474213,0.02817006188947425,0.02817006188947426,0.10832566670665643,0.10213456489521658,0.07913497095645185,0.13408549983023527,-0.14734722433811615,-0.1155287526243944,-0.12021931249489873,,,,0.0915921406270874,0.11298508998435904,-0.13917921287974727,-0.10635523900667385,0.09511860415856818,-0.12884164602404927,0.09159214062708741,0.09511860415856827,-0.12884164602404918,0.9994884742919767,-0.8283365208973159,-0.6624366116196592,,0.004958987802793422,0.027562200066678914,-0.08692935658730229,0.14677244066188425,-0.12884164602404924,,,,-0.02817006188947428,-0.028170061889475996,-0.9956331859702471,-0.9972518128600562,-0.999973143633836,,,,-0.9049265378351814,,0.03664346489325017,0.03664346489325037,,0.09511860415856825,0.08330065664681152,-0.021801546640307794,0.028170061889474237,0.05301693889326125,,-0.9956331859702471,,,-0.13761847667789487,,,,,,0.07079847537308553,0.03335557314000147,0.18262209331218382,-0.07135615880678237,0.9999999999999999,-0.9991854448906236,-0.9986314190735257,-0.9875486905473523,0.09543262503987976,0.028170061889474282,0.028170061889474268,0.02817006188947421,0.09431677947257189,,0.32857862371413965,-0.09060902375259092,0.012359739229542163,-0.13761847667789487,0.002958116021995639,,,,,,0.08131317465399346,,,,,,,,,,0.23022298851208392,-0.02635787288369591,,,,,-0.21369779197057068,-0.8770067385092704,-0.9986314190735258,
,,,,,,,,,,,,,,,,,,,,,,,,,,,,,,,,,,,,,,,,,,,,,,,,,,,,,,,,,,,,,,,,,,,,,,,,,,,,,,,,,,,,,,,,,,,,,,,,,,,,,,,,,,,,,,,,,,,,,,,,,,,,,,,,,,,,,,,,,,,,,,,,,,,,,,,,,,,,,,,,,,,,,,,,,,,,,,,,,,,,,,,
,,,,,,-0.19285326454966195,-0.19285326454966129,,-0.19285326454966129,0.19285326454966126,0.012359739229542116,,1.0,,-0.9314437483228462,0.6022926705054805,,,,,,,-0.055373421929163995,,,0.9860405003407621,,,0.0772441070782487,,,,,0.5333307418245534,,,,,,,,,,,,,,,,,,,,0.333879358998171,,-0.08658952551298661,0.8676903975825215,0.8676903975825215,0.8676903975825218,,,,0.8676903975825215,0.8676903975825215,,,-0.45099427616606846,0.19285326454966142,0.19285326454966145,-0.19285326454966156,-0.19285326454966156,-0.19285326454966165,-0.19285326454966148,,,-0.1928532645496614,-0.19285326454966145,-0.19285326454966145,-0.19285326454966145,-0.19285326454966142,-0.9273952905259669,-0.9293614202370607,-0.9355899984627665,-0.9179541909596056,0.6174380738217364,0.5839555941495833,0.602232018939508,,,,-0.9310843796874074,-0.925611471304062,0.8555772387139259,0.9273474245053098,-0.9314437483228457,0.6022926705054804,-0.9310843796874074,-0.9314437483228464,0.6022926705054812,-0.008699681725019249,-0.21219238767506757,-0.5079617235906261,,0.9996994407857048,0.9984524888820372,0.9604392475902557,-0.7540715501197219,0.6022926705054804,,,,0.19285326454966117,0.1928532645496621,0.9783530918213407,0.9821709068275024,0.9925319121983408,,,,0.8501373843469734,,-0.250862488580998,-0.25086248858099797,,-0.931443748322846,-0.767849981558866,0.04200562259847847,-0.19285326454966148,0.9988715631633827,,0.9783530918213407,,,-0.044850365160680486,,,,,,-0.19191808732401905,0.28066073942630215,-0.9194029328461898,0.6015453060416815,0.012359739229540919,0.987961166093588,0.9860405003407622,0.9629850331213125,-0.9240968544030482,-0.1928532645496615,-0.19285326454966145,-0.19285326454966148,-0.9294163059305381,,0.23749932928348982,0.9473491527841605,1.0,-0.044850365160680486,0.13856109558723578,,,,,,-0.5591861102620146,,,,,,,,,,-0.9086335355210188,0.1747714486816571,,,,,-0.21767309444437505,0.9263324669885292,0.9860405003407623,
,,,,,,,,,,,,,,1.0,,,,-0.5773206873905146,0.8548724348711494,-0.6136422389630145,0.16252897030183472,0.8032813296800702,,,,,,,,,,,,,,,,,,,,,,,,,,,,,,,,,,,,,,,,,,,,,,,,,,,,,,,,,,,,,,,,,,,,,,,,,,,,,,,,,,,,,,,,,,,,,,,,,,,,-0.46882674506154925,-0.46882674506154975,,,,,,,,,,,,,,,,,,,,,,,,,,,,,,,,,,,,,,,,,,,,,,,,,,,,,,,,,,,,
,,,,,,0.20961339660250838,0.20961339660250775,,0.20961339660250788,-0.2096133966025078,0.09511860415856824,,-0.9314437483228462,,1.0,-0.6540131725081325,,,,,,,0.03996395336519796,,,0.9997391597666703,,,-0.06981443493746058,,,,,0.2713127345451912,,,,,,,,,,,,,,,,,,,,0.26146198391972114,,0.41425301506852147,-0.9960206323206018,-0.9960206323206018,-0.996020632320602,,,,-0.9960206323206018,-0.9960206323206018,,,0.4901884461028433,-0.20961339660250794,-0.20961339660250802,0.20961339660250816,0.2096133966025081,0.209613396602508,0.20961339660250797,,,0.20961339660250797,0.2096133966025077,0.2096133966025078,0.2096133966025079,0.20961339660250794,0.999725568965972,0.9999218260967891,0.9995799715771084,0.9977300427963529,-0.6382259009197009,-0.6573972828381509,-0.6547483345252642,,,,0.9992311601966588,0.9984688492577484,-0.9264988840060915,-0.9996370716525321,1.0,-0.6540131725081324,0.9992311601966588,1.0,-0.6540131725081332,0.11904693371167821,0.18871721827023394,0.4949205197559214,,-0.927675716903073,-0.9379327113035584,-0.9950731933128668,0.7483629521926799,-0.6540131725081324,,,,-0.20961339660250758,-0.20961339660250833,0.999832134124002,0.9999994897910117,0.99770003637697,,,,0.9343290037544563,,0.272663978151534,0.27266397815153387,,1.0,0.8258450558236147,-0.045417557577124006,0.20961339660250808,-0.9180544917289548,,0.999832134124002,,,0.05974629057047611,,,,,,0.21323082922293277,-0.23209276809298365,0.9960899149765255,-0.6473515309183198,0.09511860415856951,0.9993945513692004,0.9997391597666704,0.9965736116620791,0.992434522435611,0.20961339660250797,0.2096133966025079,0.20961339660250794,0.997643289723048,,0.1305588864256794,-0.9708474258660557,-0.9314437483228463,0.05974629057047611,-0.1359360277539274,,,,,,0.6059767836195634,,,,,,,,,,0.9897635984847158,-0.1902111085428194,,,,,0.23760265439518255,0.8384494941623046,0.9997391597666704,
,,,,,,-0.14149478261642034,-0.1414947826164199,,-0.14149478261641985,0.14149478261641982,-0.12884164602404938,,0.6022926705054805,,-0.6540131725081325,1.0,,,,,,,0.3183305354505153,,,0.7706832971463939,,,0.07674985309402736,,,,,0.6057406236044361,,,,,,,,,,,,,,,,,,,,0.1848980423293836,,0.9979251096705807,0.5663938603238309,0.566393860323831,0.5663938603238309,,,,0.5663938603238309,0.566393860323831,,,-0.3308906241041872,0.14149478261641996,0.14149478261642004,-0.14149478261641996,-0.14149478261641996,-0.14149478261641987,-0.14149478261641987,,,-0.1414947826164199,-0.14149478261641993,-0.14149478261641987,-0.1414947826164199,-0.1414947826164199,-0.6610256316077596,-0.6577909851077499,-0.6449446942300107,-0.6734951000438681,0.9928260616043372,0.9959888914358417,0.997385652898263,,,,-0.6238518741148211,-0.6909993950025946,0.8899715627008522,0.6428168742675142,-0.6540131725081321,1.0,-0.623851874114821,-0.6540131725081324,1.0,-0.15253609697326917,-0.3347344904687112,-0.25217576003414643,,0.6106467219954755,0.5826756252626122,0.6605397737700264,-0.9577267053205605,1.0,,,,0.1414947826164198,0.14149478261641976,0.7438073458502374,0.7565898635039744,0.7985652208284794,,,,0.47296009955631174,,-0.1840556516959658,-0.18405565169596594,,-0.6540131725081322,-0.5426538677516584,0.24477161427260707,-0.14149478261641996,0.5871837142092245,,0.7438073458502374,,,-0.04312101422157727,,,,,,-0.14669574072597538,0.14425242788935547,-0.6557366387336381,0.9978217434678525,-0.12884164602404952,0.7782484266023074,0.7706832971463943,0.6991920689617029,-0.6496183449021053,-0.14149478261642004,-0.14149478261641987,-0.14149478261641985,-0.6521627514458388,,-0.12829375110602276,0.7842949745599841,0.6022926705054805,-0.04312101422157727,0.13717230236376238,,,,,,0.2011024391947428,,,,,,,,,,-0.6256924152769533,0.12882326511096504,,,,,-0.21449550649516522,0.9905809466081459,0.7706832971463943,
,,,,,,,,,,,,,,,,,,,,,,,,,,,,,,,,,,,,,,,,,,,,,,,,,,,,,,,,,,,,,,,,,,,,,,,,,,,,,,,,,,,,,,,,,,,,,,,,,,,,,,,,,,,,,,,,,,,,,,,,,,,,,,,,,,,,,,,,,,,,,,,,,,,,,,,,,,,,,,,,,,,,,,,,,,,,,,,,,,,,,,,
,,,,,,,,,,,,,,-0.5773206873905146,,,,1.0,-0.4317340703056674,0.5044015765012851,-0.11166712095156321,-0.4336407539681973,,,,,,,,,,,,,,,,,,,,,,,,,,,,,,,,,,,,,,,,,,,,,,,,,,,,,,,,,,,,,,,,,,,,,,,,,,,,,,,,,,,,,,,,,,,,,,,,,,,,0.1795014066342765,0.17950140663427674,,,,,,,,,,,,,,,,,,,,,,,,,,,,,,,,,,,,,,,,,,,,,,,,,,,,,,,,,,,,
,,,,,,,,,,,,,,0.8548724348711494,,,,-0.4317340703056674,1.0,-0.7455264968493811,0.41905867982225303,0.5213952650465548,,,,,,,,,,,,,,,,,,,,,,,,,,,,,,,,,,,,,,,,,,,,,,,,,,,,,,,,,,,,,,,,,,,,,,,,,,,,,,,,,,,,,,,,,,,,,,,,,,,,-0.48581449489565964,-0.4858144948956602,,,,,,,,,,,,,,,,,,,,,,,,,,,,,,,,,,,,,,,,,,,,,,,,,,,,,,,,,,,,
,,,,,,,,,,,,,,-0.6136422389630145,,,,0.5044015765012851,-0.7455264968493811,1.0,-0.14936090726715695,-0.21052358784401792,,,,,,,,,,,,,,,,,,,,,,,,,,,,,,,,,,,,,,,,,,,,,,,,,,,,,,,,,,,,,,,,,,,,,,,,,,,,,,,,,,,,,,,,,,,,,,,,,,,,0.35344674016046435,0.3534467401604649,,,,,,,,,,,,,,,,,,,,,,,,,,,,,,,,,,,,,,,,,,,,,,,,,,,,,,,,,,,,
,,,,,,,,,,,,,,0.16252897030183472,,,,-0.11166712095156321,0.41905867982225303,-0.14936090726715695,1.0,-0.160396631683974,,,,,,,,,,,,,,,,,,,,,,,,,,,,,,,,,,,,,,,,,,,,,,,,,,,,,,,,,,,,,,,,,,,,,,,,,,,,,,,,,,,,,,,,,,,,,,,,,,,,-0.08817669619477464,-0.08817669619477501,,,,,,,,,,,,,,,,,,,,,,,,,,,,,,,,,,,,,,,,,,,,,,,,,,,,,,,,,,,,
,,,,,,,,,,,,,,0.8032813296800702,,,,-0.4336407539681973,0.5213952650465548,-0.21052358784401792,-0.160396631683974,1.0,,,,,,,,,,,,,,,,,,,,,,,,,,,,,,,,,,,,,,,,,,,,,,,,,,,,,,,,,,,,,,,,,,,,,,,,,,,,,,,,,,,,,,,,,,,,,,,,,,,,-0.35310095812872283,-0.35310095812872316,,,,,,,,,,,,,,,,,,,,,,,,,,,,,,,,,,,,,,,,,,,,,,,,,,,,,,,,,,,,
,,,,,,7.537827826820543e-18,5.384162733443249e-17,,3.9241157573280327e-17,0.0,-0.2226606721663237,,-0.055373421929163995,,0.03996395336519796,0.3183305354505153,,,,,,,1.0,0.346161299944739,0.606932767966683,0.8386901834837555,0.2676756424795799,0.2822678793072149,0.32096882888833544,0.33461029763716077,,0.8204333704159568,,0.4413083925401482,0.026715479513747982,-0.7003422026951288,0.5210139849030716,0.51216791844878,0.2168950091995232,0.283594030307878,0.33116824502433395,0.789860125133701,0.5295567560835539,0.95789041168139,-0.0709941150034047,-0.07099411500340476,-0.07099411500340463,0.8429540090768985,0.8175369052098042,,,,0.2951653622641006,0.2625969802623938,-0.0709941150034047,0.8859183012755765,-1.421346445803058e-16,-9.949425120621406e-17,-1.279211801222752e-16,,,,-1.421346445803058e-16,-9.949425120621406e-17,,,,-4.187682126011416e-17,-6.187666610755569e-17,3.1738222428718096e-17,3.1738222428718096e-17,6.957994917065121e-17,1.2563046378034248e-17,,,6.519719755715194e-17,7.657960051411066e-17,2.964801674006817e-17,7.537827826820548e-17,3.8593678473321205e-17,0.026090623962518635,0.0325679966084548,0.057002707951527266,7.537827826820548e-17,0.34122222163063176,0.2949838336550528,0.3324773037563503,,,,0.06171257464038213,0.0033162833143956863,0.15701502309082943,-0.038767709117666846,0.03996395336519797,0.31833053545051526,0.06171257464038211,0.03996395336519797,0.31833053545051554,-0.22553218328110367,0.0025480911833925812,0.16647063845606277,,-0.043594389380059266,-0.08187383754279183,-0.022532423028877563,-0.29147923795064556,0.3183305354505153,0.31591286939080165,0.3066003114593684,0.2714833521289601,-1.3121850680929194e-16,1.2333870157079994e-15,0.8155677307455116,0.8266021125192101,0.8623377215554023,,,,0.5709054651985843,,-0.006410246953962589,-0.006410246953962662,,0.039963953365198,0.024677123686011878,0.2998552141458479,8.790019296414794e-17,-0.06946297266710598,,0.8155677307455116,0.29545499323139596,0.28369096569127655,0.3357639306480981,0.8032783256757683,,,,,-0.01460733222086443,-0.06387431045130264,0.01754280511766931,0.3148897531209137,-0.22266067216632385,0.8451429696768061,0.8386901834837558,0.7765854295657106,0.036386921696687155,4.892320077747542e-17,3.695915963831665e-17,6.287375390842706e-17,0.042173872894157756,,-0.07391890652397243,0.07701563629630902,-0.055373421929164036,0.3357639306480981,0.3111727960805146,0.29545499323139596,0.28369096569127655,-0.1257346798021946,0.17461716359034918,0.16379416413794265,0.4622787268253778,0.8032783256757683,0.823189633338584,0.8786064185665481,,,,,,,0.024704590826948328,0.0010908042585563314,0.29516536226410023,0.2951653622641002,0.29516536226410056,,0.3892580915706648,0.9997491523670673,0.8386901834837558,
,,,,,,0.9752765581141098,0.9752765581141098,,0.9752765581141101,-0.9752765581141101,,,,,,,,,,,,,0.346161299944739,1.0,-0.9396775379591011,,0.1619137292697526,-0.8833965161923862,-0.9128509990284328,0.7341542389740474,0.5687873087887141,0.242707743810784,0.5524118276294969,,,,,,,,,,,,,,,,,0.12924986779287545,-0.07342663507502858,0.06825633211320759,-0.3002880746590495,,,,,,,,,,,,,,-0.9752765581141101,-0.9752765581141098,-0.97527655811411,0.97527655811411,0.9752765581141101,0.97527655811411,0.9752765581141104,,,0.9752765581141103,0.9752765581141105,0.9752765581141101,0.9752765581141101,0.9752765581141101,,,,,,,,,,,,,,,,,,,,,,,,,,,,,-0.26658810203628813,-0.2820796726422853,-0.3336213940806364,-0.9752765581141101,-0.9752765581141087,,,,0.5578914854210683,0.546595853405645,0.4593377257181157,,,0.5947372138791848,0.5947372138791844,,,0.9752765581141103,0.9752765581141098,0.97527655811411,,,,0.14519774503176125,-0.8846568261154067,-0.9513060771431913,,0.07508286437421638,,,,0.97527655811411,0.97527655811411,,,,,,,0.97527655811411,0.9752765581141103,0.9752765581141102,0.9752765581141102,-0.9752765581141102,,,,,-0.9513060771431913,-0.8383744979377018,0.14519774503176125,-0.8846568261154067,0.9421764435442032,-0.948951282224696,-0.9534194411350618,,,,,0.07508286437421638,0.0604326844387756,,,,,,-0.9752765581141101,-0.3002880746590494,-0.3002880746590492,-0.3002880746590492,0.5524118276294969,-0.9128509990284331,,,
,,,,,,-0.9724280063484588,-0.9724280063484589,,-0.9724280063484592,0.972428006348459,,,,,,,,,,,,,0.606932767966683,-0.9396775379591011,1.0,,0.007959962535312268,0.9237738531214388,0.9539676430310127,0.3685620906503729,0.13302325630074435,0.17995487055349757,0.22659771790713285,,,,,,,,,,,,,,,,,0.48175338785733957,0.45010052518110566,0.22837603058175143,0.45413767676093625,,,,,,,,,,,,,,0.9724280063484592,0.9724280063484592,0.9724280063484592,-0.9724280063484588,-0.972428006348459,-0.9724280063484587,-0.9724280063484592,,,-0.972428006348459,-0.9724280063484593,-0.9724280063484587,-0.9724280063484588,-0.9724280063484589,,,,,,,,,,,,,,,,,,,,,,,,,,,,,0.43146755386336216,0.4423826242354495,0.47190966483374464,0.9724280063484589,0.9724280063484584,,,,0.2320907632188618,0.22143387604516374,-0.03419602595279697,,,-0.5727573555819382,-0.572757355581938,,,-0.9724280063484592,-0.9724280063484589,-0.9724280063484593,,,,0.03296368240617143,0.9311103843064883,0.97285658043958,,0.24425773754220512,,,,-0.9724280063484592,-0.9724280063484592,,,,,,,-0.9724280063484592,-0.9724280063484589,-0.972428006348459,-0.972428006348459,0.9724280063484586,,,,,0.97285658043958,0.9051049073741254,0.03296368240617143,0.9311103843064883,-0.911354632987135,0.9359139575881165,0.9378133224936149,,,,,0.24425773754220512,0.20884857179140545,,,,,,0.9724280063484588,0.4541376767609362,0.454137676760936,0.45413767676093597,0.2265977179071333,0.9539676430310126,,,
,,,,,,,,,,,-0.9986314190735257,,0.9860405003407621,,0.9997391597666703,0.7706832971463939,,,,,,,0.8386901834837555,,,1.0,,,0.8573120191851572,,,,,0.8543800915248272,,,,,,,,,,,,,,,,,,,,0.9864505530337274,,0.7962849145860648,,,,,,,,,,,,,,,,,,,,,,,,,0.9994765061030818,0.9996184025323835,0.999913107539179,,0.7706832971463944,0.7706832971463943,0.7706832971463943,,,,0.9963903164570533,0.9438724363723693,0.749729365243964,-0.9976551706116117,0.9997391597666705,0.7706832971463944,0.9963903164570543,0.9997391597666709,0.7706832971463955,-0.9994891445061079,0.936805939277761,0.7706832971463943,,0.9878287352876262,0.97689947636712,0.9795369187719585,-0.7061054561417799,0.7706832971463943,,,,,,0.9991528796070586,0.9997617205070565,0.9989878981246041,,,,0.9259452643889923,,,,,0.9997391597666707,0.9997391597666697,0.7706832971463944,,0.9833226302371907,,0.9991528796070586,,,0.8895650871246543,,,,,,-0.9986314190735265,0.9860405003407622,-0.9838731807814279,0.7073320974884472,-0.9986314190735257,0.9999284934098929,1.0,0.9944246522819861,0.9997391597666696,,,,0.99973915976667,,0.9889119018728354,0.8313029273691679,0.9860405003407621,0.8895650871246543,0.81291631338038,,,,,,0.7490524128941078,,,,,,,,,,-0.9983151682334783,0.9997391597666705,,,,,0.8765652486118772,0.8506774858212719,1.0,
,,,,,,0.07423952381003097,0.07423952381003107,,0.07423952381003106,-0.0742395238100308,,,,,,,,,,,,,0.2676756424795799,0.1619137292697526,0.007959962535312268,,1.0,0.18289980689831276,-0.04577518415835325,0.5203521152360081,0.7407524022942171,0.5316762027543238,0.5564859788663841,,,,,,,,,,,,,,,,,0.5872489665275685,0.4947297585982012,0.39000460132617065,0.8791080936107131,,,,,,,,,,,,,,-0.07423952381003117,-0.07423952381003122,-0.07423952381003114,0.07423952381003117,0.07423952381003111,0.07423952381003115,0.07423952381003118,,,0.07423952381003113,0.07423952381003121,0.0742395238100312,0.07423952381003118,0.07423952381003114,,,,,,,,,,,,,,,,,,,,,,,,,,,,,0.8957574974673699,0.8896579387118759,0.8488527116063987,-0.07423952381003111,-0.07423952381003028,,,,0.5705803526812637,0.542208531767785,0.2542307747920217,,,0.004780926137676609,0.004780926137676248,,,0.07423952381003117,0.07423952381003117,0.07423952381003117,,,,0.9954670722208172,0.2104619784971493,-0.016013088751899926,,0.4066760437994964,,,,0.07423952381003118,0.07423952381003117,,,,,,,0.07423952381003071,0.07423952381003118,0.0742395238100312,0.07423952381003117,-0.074239523810032,,,,,-0.016013088751899926,-0.050294123042234976,0.9954670722208172,0.2104619784971493,0.20082013024610493,-0.13108462165948848,-0.14227419680541054,,,,,0.4066760437994964,0.36985247718933195,,,,,,-0.07423952381003115,0.8791080936107127,0.8791080936107128,0.8791080936107132,0.5564859788663848,-0.04577518415835332,,,
,,,,,,-0.9212190962388737,-0.9212190962388733,,-0.9212190962388738,0.9212190962388737,,,,,,,,,,,,,0.2822678793072149,-0.8833965161923862,0.9237738531214388,,0.18289980689831276,1.0,0.8935598618799008,0.14421076986872194,0.7181512598549881,0.22822771082813856,0.30585790138218144,,,,,,,,,,,,,,,,,0.48947540544919355,0.4598047115838625,0.3687356701713858,0.6293712723845257,,,,,,,,,,,,,,0.9212190962388733,0.9212190962388733,0.9212190962388735,-0.9212190962388734,-0.9212190962388738,-0.9212190962388734,-0.9212190962388735,,,-0.9212190962388734,-0.9212190962388737,-0.9212190962388735,-0.9212190962388733,-0.9212190962388738,,,,,,,,,,,,,,,,,,,,,,,,,,,,,0.5892741045913913,0.6082649004663604,0.6638522992537139,0.9212190962388735,0.9212190962388719,,,,0.3153570316584918,0.2964312961358458,-0.062001738395346055,,,-0.6716033284720396,-0.6716033284720394,,,-0.9212190962388737,-0.9212190962388732,-0.9212190962388739,,,,0.19388516895218685,0.9961766199604133,0.9226854250649014,,0.38153862289749796,,,,-0.9212190962388734,-0.9212190962388735,,,,,,,-0.9212190962388734,-0.9212190962388733,-0.9212190962388735,-0.9212190962388737,0.921219096238873,,,,,0.9226854250649014,0.8382425349902052,0.19388516895218685,0.9961766199604133,-0.9028654532729136,0.9465345910928084,0.942848281008611,,,,,0.38153862289749796,0.35288080843476416,,,,,,0.9212190962388735,0.6293712723845257,0.6293712723845253,0.6293712723845253,0.3058579013821824,0.8935598618799008,,,
,,,,,,-0.9618078995975502,-0.9618078995975499,,-0.9618078995975502,0.9618078995975499,-0.05019461207210273,,0.0772441070782487,,-0.06981443493746058,0.07674985309402736,,,,,,,0.32096882888833544,-0.9128509990284328,0.9539676430310127,0.8573120191851572,-0.04577518415835325,0.8935598618799008,1.0,0.885624209399797,0.44595482260398556,0.4937072847983189,0.7673335725090729,0.9999839336368607,,,,,,,,,,,,,,,,0.8414657887742525,0.7436445793904537,0.4073068119278917,0.39701561195621426,0.9301529434854584,,0.37125263262445773,0.8929320100364619,0.8929320100364619,0.8929320100364618,,,,0.8929320100364619,0.8929320100364619,,,0.8340505373123422,0.96180789959755,0.9618078995975501,-0.9618078995975502,-0.9618078995975503,-0.96180789959755,-0.9618078995975503,,,-0.9618078995975499,-0.9618078995975503,-0.9618078995975499,-0.9618078995975503,-0.9618078995975503,-0.07118191965186828,-0.07054593848837908,-0.06810422910519265,-0.07371710691913375,0.0778691373557942,0.07545161941967851,0.07656505754680303,,,,-0.06917270607059846,-0.07184030187150132,0.07529442094763776,0.07084214517469063,-0.0698144349374604,0.07674985309402724,-0.0691727060705983,-0.06981443493746056,0.07674985309402628,-0.05345406908472856,-0.009078097146212546,-0.019364977945554335,,0.07811876501162575,0.07531479993842322,0.0745523231771934,-0.07602429450103901,0.07674985309402735,0.37107276551793195,0.3833779158792793,0.41902324101256977,0.9618078995975499,0.9618078995975494,0.8777709304556207,0.8683452104620121,0.8332888766152746,0.7767758196058425,0.7576212682307315,0.5789143753511494,0.9882411302339648,,-0.575694177697369,-0.5756941776973686,,-0.06981443493746053,-0.6438600363492374,-0.8982010987663855,-0.9618078995975504,0.07564377283009671,,0.8777709304556207,-0.024283345070993802,0.8993612307137655,0.9783838047205374,,0.419113253618036,,,,-0.9646683605913579,-0.9038323650288006,-0.07661793863873399,0.07545996005061342,-0.05019461207210154,0.8510944635834615,0.8573120191851572,0.9068173421355218,-0.2028245429030877,-0.9618078995975502,-0.9618078995975501,-0.96180789959755,0.005319335812464724,,0.09456929302046792,0.07528740313029361,0.07724410707824868,0.9783838047205374,0.9823636714221269,-0.024283345070993802,0.8993612307137655,-0.900949499767727,0.922278325912677,0.9257283899034828,0.07145100164150156,,,,0.419113253618036,0.3931572540479806,,,,,-0.08029457007230956,0.963735402330516,0.39701561195621415,0.39701561195621415,0.39701561195621393,0.7673335725090732,0.9457287596221025,0.4586733793508805,0.8573120191851572,
,,,,,,,,,,,,,,,,,,,,,,,0.33461029763716077,0.7341542389740474,0.3685620906503729,,0.5203521152360081,0.14421076986872194,0.885624209399797,1.0,,0.6609857273053338,,,,,,,,,,,,,,,,,,,,,0.42753634621877595,,,,,,,,,,,,,,,,,,,,,,,,,,,,,,,,,,,,,,,,,,,,,,,,,,,,,,,,0.4612141156977838,0.44604325063145983,0.3896049440529765,,,,,,,,,,,-0.12780480864425,-0.12780480864424956,,,,,,,,,0.5490289518576505,0.18749407565729498,0.912277118268539,,,,,,,,,,,,,,,,,,,,,,,0.912277118268539,0.8566996407983835,0.5490289518576505,0.18749407565729498,0.277507782523854,-0.29806763333533653,-0.292154408866889,,,,,,,,,,,,,0.4275363462187763,0.42753634621877584,0.42753634621877634,,0.8856242093997974,,,
,,,,,,,,,,,,,,,,,,,,,,,,0.5687873087887141,0.13302325630074435,,0.7407524022942171,0.7181512598549881,0.44595482260398556,,1.0,,0.3175262809592935,,,,,,,,,,,,,,,,,0.07165414462295504,-0.060437525917202944,-0.040300807577440874,0.7589961077200627,,,,,,,,,,,,,,,,,,,,,,,,,,,,,,,,,,,,,,,,,,,,,,,,,,,,,,,,0.691947511769038,0.7224317278102185,0.8268275765989783,,,,,,0.32573419325769953,0.3090349518692676,0.05099095456372096,,,-0.056347728267229315,-0.056347728267229794,,,,,,,,,0.674258006716048,0.6929999835495751,0.4436526196996506,,-0.030641641140752268,,,,,,,,,,,,,,,,,,,,,0.4436526196996506,0.4469451251421061,0.674258006716048,0.6929999835495751,0.10757139740728848,-0.12723217773710666,-0.12434093714931921,,,,,-0.030641641140752268,-0.05181392379590852,,,,,,,0.7589961077200623,0.7589961077200629,0.7589961077200627,0.31752628095929414,0.4459548226039856,,,
,,,,,,,,,,,,,,,,,,,,,,,0.8204333704159568,0.242707743810784,0.17995487055349757,,0.5316762027543238,0.22822771082813856,0.4937072847983189,0.6609857273053338,,1.0,,,,,,,,,,,,,,,,,,,,,0.463172601481184,,,,,,,,,,,,,,,,,,,,,,,,,,,,,,,,,,,,,,,,,,,,,,,,,,,,,,,,0.47451694691533425,0.46949866821833175,0.449671047114863,,,,,,,,,,,-0.3540134058837049,-0.35401340588370506,,,,,,,,,0.5408104585536178,0.24602549751622596,0.5235520140771803,,,,,,,,,,,,,,,,,,,,,,,0.5235520140771803,0.46081901514269896,0.5408104585536178,0.24602549751622596,0.20362300462101893,-0.18982521505931113,-0.19261010015384036,,,,,,,,,,,,,0.46317260148118367,0.4631726014811838,0.46317260148118394,,0.4937072847983183,,,
,,,,,,,,,,,,,,,,,,,,,,,,0.5524118276294969,0.22659771790713285,,0.5564859788663841,0.30585790138218144,0.7673335725090729,,0.3175262809592935,,1.0,,,,,,,,,,,,,,,,,0.6841304439230096,0.4344750096661425,0.19091957795415745,0.5399318422725335,,,,,,,,,,,,,,,,,,,,,,,,,,,,,,,,,,,,,,,,,,,,,,,,,,,,,,,,0.56624715253958,0.5555123031325474,0.5004086811424749,,,,,,0.9998306995778437,0.9998299103077776,0.9221234009939638,,,0.2471519275244269,0.2471519275244267,,,,,,,,,0.5779262969804939,0.32447997112356286,0.7638085331177122,,0.19669293275827768,,,,,,,,,,,,,,,,,,,,,0.7638085331177122,0.7690638981463646,0.5779262969804939,0.32447997112356286,0.4274904879466433,-0.4277688837671157,-0.4279351133051418,,,,,0.19669293275827768,0.18433774617619306,,,,,,,0.5399318422725333,0.5399318422725331,0.5399318422725329,0.9999999999999997,0.7673335725090732,,,
,,,,,,,,,,,-0.03253551155607949,,0.5333307418245534,,0.2713127345451912,0.6057406236044361,,,,,,,0.4413083925401482,,,0.8543800915248272,,,0.9999839336368607,,,,,1.0,,,,,,,,,,,,,,,,,,,,0.6820002991256987,,0.5959751211559818,,,,,,,,,,,,,,,,,,,,,,,,,0.26280908520711255,0.26708190667226267,0.2795727953483126,,0.6609198584402518,0.5491485659659376,0.5968880159994207,,,,0.41711519993648527,-0.2360085003714606,0.6143269705671112,-0.40901076857848245,0.2713127345451911,0.6057406236044361,0.4171151999364849,0.271312734545191,0.6057406236044365,-0.042081022790399256,-0.24737351109493916,-0.1546720562224365,,0.5519720681821033,0.483819525999421,0.5006071523748865,-0.685849235622092,0.6057406236044363,,,,,,0.875041135315174,0.8655198832936102,0.8301416994642512,,,,0.9873585117548334,,,,,0.2713127345451911,0.2713127345451913,0.6057406236044361,,0.5177901710289227,,0.875041135315174,,,0.9974065660262755,,,,,,-0.03253551155607943,0.5333307418245534,0.23976321981981208,0.6119452204025451,-0.03253551155607927,0.8481047290849059,0.854380091524827,0.9044133438459823,0.27131273454519134,,,,0.2713127345451912,,0.5708640630336007,0.680005141207755,0.5333307418245534,0.9974065660262755,0.9971727302999548,,,,,,0.6021241507033218,,,,,,,,,,0.2871122609888593,0.2713127345451898,,,,,0.9990179516242866,0.4536289079224732,0.854380091524827,
,,,,,,,,,,,,,,,,,,,,,,,0.026715479513747982,,,,,,,,,,,,1.0,0.37585588661026487,0.610730746263978,0.5603232429405484,0.3589015126249319,0.28195806328600487,0.7183087698254838,0.23097495780283864,0.010437930845577717,0.23044296454411756,0.2870823075929769,0.2870823075929769,0.2870823075929769,0.4177687731492388,0.37667500582752755,,,,,,0.2870823075929769,,,,,,,,,,,,,,,,,,,,,,,,,,,,,,,,,,,,,,,,,,,,,,,,,,,,,,,,,,,,,,,,,,,,,,,,,,,,,,,,0.43317944763047406,,,,,,,,,,,,,,,,,,,,,,,,,,,,,,0.43317944763047406,0.4259388449986161,0.3999929989889144,,,,,,,,,,,,,,,,
,,,,,,,,,,,,,,,,,,,,,,,-0.7003422026951288,,,,,,,,,,,,0.37585588661026487,1.0,0.2961208303553656,0.306438933872493,0.4679292627887276,0.40830296200054206,0.09701169791078876,-0.20428724944065935,-0.25663180261093044,-0.6345169337126872,0.4348740736724492,0.4348740736724492,0.4348740736724493,-0.30664053636981065,-0.5585714655135633,,,,,,0.4348740736724492,,,,,,,,,,,,,,,,,,,,,,,,,,,,,,,,,,,,,,,,,,,,,,,,,,,,,,,,,,,,,,,,,,,,,,,,,,,,,,,,-0.25894368928955275,,,,,,,,,,,,,,,,,,,,,,,,,,,,,,-0.25894368928955275,-0.28270347483420655,-0.3508137213193088,,,,,,,,,,,,,,,,
,,,,,,,,,,,,,,,,,,,,,,,0.5210139849030716,,,,,,,,,,,,0.610730746263978,0.2961208303553656,1.0,0.8178169626687316,0.8000195810874295,0.8398826142782834,0.7122673636386425,0.7080967207190692,0.33363826726572965,0.3871290978889837,0.5022012587125566,0.5022012587125566,0.5022012587125567,0.596101268357963,0.27591122240196214,,,,,,0.5022012587125566,,,,,,,,,,,,,,,,,,,,,,,,,,,,,,,,,,,,,,,,,,,,,,,,,,,,,,,,,,,,,,,,,,,,,,,,,,,,,,,,0.6004973950803513,,,,,,,,,,,,,,,,,,,,,,,,,,,,,,0.6004973950803513,0.5985230409960011,0.5904516292123,,,,,,,,,,,,,,,,
,,,,,,,,,,,,,,,,,,,,,,,0.51216791844878,,,,,,,,,,,,0.5603232429405484,0.306438933872493,0.8178169626687316,1.0,0.674103913454893,0.6212113749004409,0.7164055937757453,0.7648095286826265,0.6117886644436815,0.3311925346019899,0.710129436456817,0.7101294364568173,0.7101294364568171,0.6503137820434207,0.3148308401001752,,,,,,0.710129436456817,,,,,,,,,,,,,,,,,,,,,,,,,,,,,,,,,,,,,,,,,,,,,,,,,,,,,,,,,,,,,,,,,,,,,,,,,,,,,,,,0.6606019697443406,,,,,,,,,,,,,,,,,,,,,,,,,,,,,,0.6606019697443406,0.6558588032738041,0.6378410503198891,,,,,,,,,,,,,,,,
,,,,,,,,,,,,,,,,,,,,,,,0.2168950091995232,,,,,,,,,,,,0.3589015126249319,0.4679292627887276,0.8000195810874295,0.674103913454893,1.0,0.9713707060694516,0.5720523068065385,0.5358602605952277,0.4573122825307421,0.08992530687546194,0.5716444895191858,0.5716444895191858,0.5716444895191858,0.3572678192934259,-0.08363093585148634,,,,,,0.5716444895191858,,,,,,,,,,,,,,,,,,,,,,,,,,,,,,,,,,,,,,,,,,,,,,,,,,,,,,,,,,,,,,,,,,,,,,,,,,,,,,,,0.39545097500664345,,,,,,,,,,,,,,,,,,,,,,,,,,,,,,0.39545097500664345,0.3767899910882171,0.3190429543478264,,,,,,,,,,,,,,,,
,,,,,,,,,,,,,,,,,,,,,,,0.283594030307878,,,,,,,,,,,,0.28195806328600487,0.40830296200054206,0.8398826142782834,0.6212113749004409,0.9713707060694516,1.0,0.5299784945131886,0.5760101694778562,0.39002785286976954,0.13855565940476752,0.5350236436818383,0.5350236436818385,0.5350236436818385,0.36431586262684135,-0.058131990952430455,,,,,,0.5350236436818383,,,,,,,,,,,,,,,,,,,,,,,,,,,,,,,,,,,,,,,,,,,,,,,,,,,,,,,,,,,,,,,,,,,,,,,,,,,,,,,,0.39297691213581987,,,,,,,,,,,,,,,,,,,,,,,,,,,,,,0.39297691213581987,0.3789346331827191,0.3359551711109373,,,,,,,,,,,,,,,,
,,,,,,,,,,,,,,,,,,,,,,,0.33116824502433395,,,,,,,,,,,,0.7183087698254838,0.09701169791078876,0.7122673636386425,0.7164055937757453,0.5720523068065385,0.5299784945131886,1.0,0.7026092461546427,0.5853437933059372,0.4711765713808245,0.6953531779870915,0.6953531779870914,0.6953531779870913,0.7059822047765073,0.6290309906612249,,,,,,0.6953531779870915,,,,,,,,,,,,,,,,,,,,,,,,,,,,,,,,,,,,,,,,,,,,,,,,,,,,,,,,,,,,,,,,,,,,,,,,,,,,,,,,0.7216662876008871,,,,,,,,,,,,,,,,,,,,,,,,,,,,,,0.7216662876008871,0.7144912697858664,0.6863054752527483,,,,,,,,,,,,,,,,
,,,,,,,,,,,,,,,,,,,,,,,0.789860125133701,,,,,,,,,,,,0.23097495780283864,-0.20428724944065935,0.7080967207190692,0.7648095286826265,0.5358602605952277,0.5760101694778562,0.7026092461546427,1.0,0.8075325148683745,0.7370341448913574,0.6151073971672999,0.6151073971673,0.6151073971672999,0.8976852772849546,0.6611479640057286,,,,,,0.6151073971672999,,,,,,,,,,,,,,,,,,,,,,,,,,,,,,,,,,,,,,,,,,,,,,,,,,,,,,,,,,,,,,,,,,,,,,,,,,,,,,,,0.8929869893952601,,,,,,,,,,,,,,,,,,,,,,,,,,,,,,0.8929869893952601,0.8957904913171647,0.8984284154637541,,,,,,,,,,,,,,,,
,,,,,,,,,,,,,,,,,,,,,,,0.5295567560835539,,,,,,,,,,,,0.010437930845577717,-0.25663180261093044,0.33363826726572965,0.6117886644436815,0.4573122825307421,0.39002785286976954,0.5853437933059372,0.8075325148683745,1.0,0.528376900475821,0.6266972694137877,0.6266972694137877,0.6266972694137877,0.706431141137693,0.49521827861237355,,,,,,0.6266972694137877,,,,,,,,,,,,,,,,,,,,,,,,,,,,,,,,,,,,,,,,,,,,,,,,,,,,,,,,,,,,,,,,,,,,,,,,,,,,,,,,0.7206455580090558,,,,,,,,,,,,,,,,,,,,,,,,,,,,,,0.7206455580090558,0.7142058717423286,0.6880825721941042,,,,,,,,,,,,,,,,
,,,,,,,,,,,,,,,,,,,,,,,0.95789041168139,,,,,,,,,,,,0.23044296454411756,-0.6345169337126872,0.3871290978889837,0.3311925346019899,0.08992530687546194,0.13855565940476752,0.4711765713808245,0.7370341448913574,0.528376900475821,1.0,0.018521952952716973,0.018521952952716865,0.018521952952717025,0.9034266743892688,0.883940712160639,,,,,,0.018521952952716973,,,,,,,,,,,,,,,,,,,,,,,,,,,,,,,,,,,,,,,,,,,,,,,,,,,,,,,,,,,,,,,,,,,,,,,,,,,,,,,,0.8802335310537855,,,,,,,,,,,,,,,,,,,,,,,,,,,,,,0.8802335310537855,0.8922586747280689,0.9211847374243096,,,,,,,,,,,,,,,,
,,,,,,,,,,,,,,,,,,,,,,,-0.0709941150034047,,,,,,,,,,,,0.2870823075929769,0.4348740736724492,0.5022012587125566,0.710129436456817,0.5716444895191858,0.5350236436818383,0.6953531779870915,0.6151073971672999,0.6266972694137877,0.018521952952716973,1.0,1.0,0.9999999999999999,0.40672823494429,0.20479554628322766,,,,,,1.0,,,,,,,,,,,,,,,,,,,,,,,,,,,,,,,,,,,,,,,,,,,,,,,,,,,,,,,,,,,,,,,,,,,,,,,,,,,,,,,,0.4391408494318956,,,,,,,,,,,,,,,,,,,,,,,,,,,,,,0.4391408494318956,0.4234439229151791,0.37309515748891836,,,,,,,,,,,,,,,,
,,,,,,,,,,,,,,,,,,,,,,,-0.07099411500340476,,,,,,,,,,,,0.2870823075929769,0.4348740736724492,0.5022012587125566,0.7101294364568173,0.5716444895191858,0.5350236436818385,0.6953531779870914,0.6151073971673,0.6266972694137877,0.018521952952716865,1.0,1.0,0.9999999999999999,0.40672823494429006,0.20479554628322771,,,,,,0.9999999999999998,,,,,,,,,,,,,,,,,,,,,,,,,,,,,,,,,,,,,,,,,,,,,,,,,,,,,,,,,,,,,,,,,,,,,,,,,,,,,,,,0.4391408494318955,,,,,,,,,,,,,,,,,,,,,,,,,,,,,,0.4391408494318955,0.42344392291517907,0.3730951574889184,,,,,,,,,,,,,,,,
,,,,,,,,,,,,,,,,,,,,,,,-0.07099411500340463,,,,,,,,,,,,0.2870823075929769,0.4348740736724493,0.5022012587125567,0.7101294364568171,0.5716444895191858,0.5350236436818385,0.6953531779870913,0.6151073971672999,0.6266972694137877,0.018521952952717025,0.9999999999999999,0.9999999999999999,1.0,0.4067282349442901,0.20479554628322766,,,,,,0.9999999999999999,,,,,,,,,,,,,,,,,,,,,,,,,,,,,,,,,,,,,,,,,,,,,,,,,,,,,,,,,,,,,,,,,,,,,,,,,,,,,,,,0.43914084943189563,,,,,,,,,,,,,,,,,,,,,,,,,,,,,,0.43914084943189563,0.4234439229151792,0.3730951574889184,,,,,,,,,,,,,,,,
,,,,,,,,,,,,,,,,,,,,,,,0.8429540090768985,,,,,,,,,,,,0.4177687731492388,-0.30664053636981065,0.596101268357963,0.6503137820434207,0.3572678192934259,0.36431586262684135,0.7059822047765073,0.8976852772849546,0.706431141137693,0.9034266743892688,0.40672823494429,0.40672823494429006,0.4067282349442901,1.0,0.850351182297247,,,,,,0.40672823494429006,,,,,,,,,,,,,,,,,,,,,,,,,,,,,,,,,,,,,,,,,,,,,,,,,,,,,,,,,,,,,,,,,,,,,,,,,,,,,,,,0.9973015570155731,,,,,,,,,,,,,,,,,,,,,,,,,,,,,,0.9973015570155731,0.9992983153241397,0.9973209209366234,,,,,,,,,,,,,,,,
,,,,,,,,,,,,,,,,,,,,,,,0.8175369052098042,,,,,,,,,,,,0.37667500582752755,-0.5585714655135633,0.27591122240196214,0.3148308401001752,-0.08363093585148634,-0.058131990952430455,0.6290309906612249,0.6611479640057286,0.49521827861237355,0.883940712160639,0.20479554628322766,0.20479554628322771,0.20479554628322766,0.850351182297247,1.0,,,,,,0.20479554628322746,,,,,,,,,,,,,,,,,,,,,,,,,,,,,,,,,,,,,,,,,,,,,,,,,,,,,,,,,,,,,,,,,,,,,,,,,,,,,,,,0.829312221872408,,,,,,,,,,,,,,,,,,,,,,,,,,,,,,0.829312221872408,0.8403342077324563,0.865495520275933,,,,,,,,,,,,,,,,
,,,,,,,,,,,,,,,,,,,,,,,,0.12924986779287545,0.48175338785733957,,0.5872489665275685,0.48947540544919355,0.8414657887742525,,0.07165414462295504,,0.6841304439230096,,,,,,,,,,,,,,,,,1.0,0.9417948730688996,0.6868662533095344,0.5913700436750672,,,,,,,,,,,,,,,,,,,,,,,,,,,,,,,,,,,,,,,,,,,,,,,,,,,,,,,,0.6467941893209589,0.6231590951483701,0.5192458024081502,,,,,,0.6905726228451844,0.6776644029976229,0.5257821592100295,,,0.4620597577523534,0.4620597577523537,,,,,,,,,0.6414084038534118,0.5274889353906771,0.8508453771393878,,0.6938698356626316,,,,,,,,,,,,,,,,,,,,,0.8508453771393878,0.8299820486476086,0.6414084038534118,0.5274889353906771,0.21074156670274802,-0.27973520088378123,-0.27117563390894356,,,,,0.6938698356626316,0.6781874203105539,,,,,,,0.591370043675067,0.5913700436750666,0.5913700436750664,0.6841304439230108,0.8414657887742533,,,
,,,,,,,,,,,,,,,,,,,,,,,,-0.07342663507502858,0.45010052518110566,,0.4947297585982012,0.4598047115838625,0.7436445793904537,,-0.060437525917202944,,0.4344750096661425,,,,,,,,,,,,,,,,,0.9417948730688996,1.0,0.7336713183114656,0.5043460665619061,,,,,,,,,,,,,,,,,,,,,,,,,,,,,,,,,,,,,,,,,,,,,,,,,,,,,,,,0.5637866165239355,0.5382030193387267,0.4295419242441966,,,,,,0.4428680539953261,0.426173312498582,0.2804835547391112,,,0.48359365773170393,0.4835936577317045,,,,,,,,,0.5544072763462761,0.5000865906530609,0.7553650002189313,,0.7411287033605742,,,,,,,,,,,,,,,,,,,,,0.7553650002189313,0.7301058188877712,0.5544072763462761,0.5000865906530609,0.1050724411431392,-0.19364605621543357,-0.1826775969768037,,,,,0.7411287033605742,0.7242625316006479,,,,,,,0.504346066561906,0.5043460665619054,0.5043460665619052,0.43447500966614283,0.7436445793904537,,,
,,,,,,,,,,,,,,,,,,,,,,,,0.06825633211320759,0.22837603058175143,,0.39000460132617065,0.3687356701713858,0.4073068119278917,,-0.040300807577440874,,0.19091957795415745,,,,,,,,,,,,,,,,,0.6868662533095344,0.7336713183114656,1.0,0.3983964446379788,,,,,,,,,,,,,,,,,,,,,,,,,,,,,,,,,,,,,,,,,,,,,,,,,,,,,,,,0.44303409238727387,0.4237096198815867,0.34362578791020565,,,,,,0.19875825791691945,0.18328131858565797,0.02163908031623547,,,0.2312132367150795,0.23121323671507948,,,,,,,,,0.4353750180326041,0.39545184319390325,0.4273550296036838,,0.9997163991355029,,,,,,,,,,,,,,,,,,,,,0.4273550296036838,0.38631876925697617,0.4353750180326041,0.39545184319390325,0.08602369359878258,-0.14875338489676754,-0.14100819416622837,,,,,0.9997163991355029,0.9995853701221993,,,,,,,0.3983964446379788,0.39839644463797846,0.39839644463797846,0.19091957795415776,0.40730681192789137,,,
,,,,,,-0.3879255145042692,-0.38792551450426904,,-0.38792551450426926,0.3879255145042695,,,,,,,,,,,,,0.2951653622641006,-0.3002880746590495,0.45413767676093625,,0.8791080936107131,0.6293712723845257,0.39701561195621426,0.42753634621877595,0.7589961077200627,0.463172601481184,0.5399318422725335,,,,,,,,,,,,,,,,,0.5913700436750672,0.5043460665619061,0.3983964446379788,1.0,,,,,,,,,,,,,,0.3879255145042694,0.3879255145042693,0.3879255145042693,-0.38792551450426926,-0.38792551450426943,-0.3879255145042695,-0.38792551450426943,,,-0.3879255145042694,-0.3879255145042694,-0.38792551450426943,-0.3879255145042694,-0.38792551450426943,,,,,,,,,,,,,,,,,,,,,,,,,,,,,0.9937212071181636,0.9981066258370495,0.9928014011103978,0.3879255145042695,0.38792551450426954,,,,0.5538339097247944,0.52587457152186,0.22054181262745107,,,-0.3218144517022379,-0.32181445170223816,,,-0.3879255145042693,-0.38792551450426926,-0.38792551450426943,,,,0.8808508008059104,0.649303890461866,0.43466079062648727,,0.41504335455428626,,,,-0.38792551450426943,-0.3879255145042694,,,,,,,-0.38792551450426976,-0.38792551450426943,-0.3879255145042693,-0.3879255145042694,0.3879255145042685,,,,,0.43466079062648727,0.36662581466596716,0.8808508008059104,0.649303890461866,-0.27897351449871355,0.35526593559123043,0.34463414362189804,,,,,0.41504335455428626,0.37822490478073034,,,,,,0.38792551450426943,1.0,1.0,1.0,0.539931842272534,0.3970156119562142,,,
,,,,,,,,,,,-0.5943198013861761,,0.333879358998171,,0.26146198391972114,0.1848980423293836,,,,,,,0.2625969802623938,,,0.9864505530337274,,,0.9301529434854584,,,,,0.6820002991256987,,,,,,,,,,,,,,,,,,,,1.0,,0.18147174957444978,,,,,,,,,,,,,,,,,,,,,,,,,0.2606787983820656,0.2611269179704935,0.2617832940259575,,0.274587114240742,0.12174020804360282,0.15781252596193565,,,,0.27858584119679475,0.06343297829928714,0.18975226004117884,-0.28705267479450525,0.2614619839197216,0.18489804232938356,0.27858584119679375,0.26146198391972175,0.18489804232938378,-0.5947003284928135,0.457273329243464,0.4594023752094291,,0.35347676710767195,0.2886952585566303,0.31010233212214244,-0.3623505033620397,0.18489804232938356,,,,,,0.9923663323652072,0.989796731348589,0.9780728357810631,,,,0.9753573125668241,,,,,0.2614619839197214,0.26146198391972086,0.18489804232938356,,0.28631160186978144,,0.9923663323652072,,,0.9524554405900242,,,,,,-0.594319801386176,0.3338793589981712,-0.46652259111443267,0.15373738401597908,-0.5943198013861765,0.9844181014710361,0.9864505530337271,0.9982506827472725,0.2614619839197208,,,,0.2614619839197212,,0.36076437548409973,0.2836955991811539,0.33387935899817117,0.9524554405900242,0.897446425183732,,,,,,0.15023052797961678,,,,,,,,,,-0.4525731373974737,0.2614619839197208,,,,,0.9436470166162374,0.7529075164386825,0.9864505530337271,
,,,,,,,,,,,,,,,,,,,,,,,-0.0709941150034047,,,,,,,,,,,,0.2870823075929769,0.4348740736724492,0.5022012587125566,0.710129436456817,0.5716444895191858,0.5350236436818383,0.6953531779870915,0.6151073971672999,0.6266972694137877,0.018521952952716973,1.0,0.9999999999999998,0.9999999999999999,0.40672823494429006,0.20479554628322746,,,,,,1.0,,,,,,,,,,,,,,,,,,,,,,,,,,,,,,,,,,,,,,,,,,,,,,,,,,,,,,,,,,,,,,,,,,,,,,,,,,,,,,,,0.4391408494318956,,,,,,,,,,,,,,,,,,,,,,,,,,,,,,0.4391408494318956,0.4234439229151791,0.37309515748891836,,,,,,,,,,,,,,,,
,,,,,,,,,,,-0.07201635233187567,,-0.08658952551298661,,0.41425301506852147,0.9979251096705807,,,,,,,0.8859183012755765,,,0.7962849145860648,,,0.37125263262445773,,,,,0.5959751211559818,,,,,,,,,,,,,,,,,,,,0.18147174957444978,,1.0,,,,,,,,,,,,,,,,,,,,,,,,,0.41664212438806464,0.4154670786647184,0.4117305808189946,,0.9860983024486953,0.9888564876447522,0.9982794270812849,,,,0.7390802876113737,-0.5049656229089956,0.9943658817624083,-0.737375487143857,0.4142530150685223,0.9979251096705807,0.7390802876113732,0.4142530150685221,0.997925109670581,-0.08237054762417713,-0.28940249219414793,0.11500457495459586,,-0.049950001737777514,-0.17108820932416363,-0.1158027380586227,-0.9245584542682251,0.9979251096705808,,,,,,0.7707163600604345,0.7828903811523031,0.8226882326537047,,,,0.5088628622758887,,,,,0.41425301506852186,0.4142530150685217,0.9979251096705809,,-0.09721046377081671,,0.7707163600604345,,,0.4320138910056468,,,,,,-0.07201635233187612,-0.08658952551298663,0.30959621650887864,0.9931951386286163,-0.07201635233187685,0.8034619911299606,0.7962849145860648,0.7280566124312746,0.41425301506852164,,,,0.41425301506852197,,-0.05233063219059378,0.7171084914895423,-0.08658952551298665,0.4320138910056468,0.2950183498286086,,,,,,0.9962720531656653,,,,,,,,,,0.45376274037715064,0.4142530150685217,,,,,0.40685710066046316,0.9953817254074001,0.7962849145860648,
,,,,,,-1.0,-1.0,,-1.0,1.0,-0.10153461651336217,,0.8676903975825215,,-0.9960206323206018,0.5663938603238309,,,,,,,-1.421346445803058e-16,,,,,,0.8929320100364619,,,,,,,,,,,,,,,,,,,,,,,,,,,,1.0,1.0,1.0,,,,1.0,1.0,,,,1.0,0.9999999999999998,-0.9999999999999999,-1.0,-1.0,-1.0,,,-0.9999999999999999,-1.0,-1.0,-1.0,-1.0,-0.9983014684558728,-0.9973561052610151,-0.9918949280862938,-1.0,0.5504608469944703,0.5688436367476761,0.5696519211398114,,,,-0.9927860809908226,-0.9982734441005858,0.8953962403130074,0.9971158444337823,-0.996020632320602,0.566393860323831,-0.9927860809908226,-0.996020632320602,0.5663938603238308,-0.12013048293225162,-0.13245323570650455,-0.3779644730092272,,0.8626049982764098,0.876389810139021,0.9862045678351083,-0.664518773819645,0.566393860323831,,,,0.9999999999999997,0.9999999999999992,,,,,,,,,-0.8251871618851555,-0.8251871618851553,,-0.9960206323206018,-0.9984863836915552,-0.7922276150130503,-0.9999999999999998,0.8448831002828714,,,,,0.9072857415890679,,,,,,-0.9973284428482954,-0.7863503356814565,-0.9949885498614125,0.5581209554708991,-0.10153461651336165,,,,-0.9967031278016593,-1.0,-0.9999999999999999,-1.0,-0.9955666257159118,,-0.12638282797787764,0.9512871368336252,0.8676903975825215,0.9072857415890679,0.7990261797940741,,,,,,-0.479021985677084,,,,,,,,,,-0.9856370276193894,0.9999970511640783,,,,,0.556261089825175,,,
,,,,,,-0.9999999999999998,-1.0,,-0.9999999999999999,0.9999999999999998,-0.10153461651336218,,0.8676903975825215,,-0.9960206323206018,0.566393860323831,,,,,,,-9.949425120621406e-17,,,,,,0.8929320100364619,,,,,,,,,,,,,,,,,,,,,,,,,,,,1.0,1.0,1.0,,,,1.0,1.0,,,,1.0,1.0,-0.9999999999999998,-1.0,-1.0,-1.0,,,-1.0,-1.0,-0.9999999999999999,-1.0,-1.0,-0.9983014684558729,-0.997356105261015,-0.9918949280862938,-1.0,0.5504608469944704,0.5688436367476762,0.5696519211398114,,,,-0.9927860809908224,-0.9982734441005858,0.895396240313007,0.9971158444337824,-0.9960206323206021,0.566393860323831,-0.9927860809908224,-0.9960206323206018,0.5663938603238309,-0.12013048293225155,-0.1324532357065045,-0.3779644730092272,,0.8626049982764097,0.8763898101390208,0.9862045678351082,-0.6645187738196451,0.5663938603238312,,,,0.9999999999999998,0.9999999999999994,,,,,,,,,-0.8251871618851555,-0.8251871618851553,,-0.9960206323206022,-0.9984863836915551,-0.7922276150130501,-1.0,0.8448831002828715,,,,,0.9072857415890678,,,,,,-0.9973284428482956,-0.7863503356814566,-0.9949885498614124,0.5581209554708992,-0.10153461651336168,,,,-0.996703127801659,-1.0,-1.0,-1.0,-0.9955666257159117,,-0.1263828279778776,0.9512871368336254,0.8676903975825215,0.9072857415890678,0.7990261797940741,,,,,,-0.47902198567708393,,,,,,,,,,-0.9856370276193895,0.9999970511640782,,,,,0.5562610898251751,,,
,,,,,,-0.9999999999999999,-1.0,,-1.0,1.0,-0.1015346165133621,,0.8676903975825218,,-0.996020632320602,0.5663938603238309,,,,,,,-1.279211801222752e-16,,,,,,0.8929320100364618,,,,,,,,,,,,,,,,,,,,,,,,,,,,1.0,1.0,1.0,,,,1.0,1.0,,,,1.0,0.9999999999999999,-0.9999999999999999,-1.0,-0.9999999999999998,-1.0,,,-0.9999999999999998,-0.9999999999999998,-1.0,-1.0,-1.0,-0.998301468455873,-0.997356105261015,-0.991894928086294,-1.0,0.5504608469944702,0.5688436367476761,0.5696519211398116,,,,-0.9927860809908224,-0.9982734441005858,0.8953962403130074,0.9971158444337824,-0.9960206323206019,0.566393860323831,-0.9927860809908224,-0.9960206323206018,0.5663938603238307,-0.12013048293225158,-0.13245323570650447,-0.3779644730092272,,0.86260499827641,0.8763898101390211,0.9862045678351083,-0.664518773819645,0.5663938603238309,,,,0.9999999999999999,0.9999999999999993,,,,,,,,,-0.8251871618851555,-0.8251871618851554,,-0.9960206323206019,-0.9984863836915552,-0.7922276150130504,-1.0,0.8448831002828716,,,,,0.907285741589068,,,,,,-0.9973284428482956,-0.7863503356814567,-0.9949885498614125,0.5581209554708992,-0.10153461651336171,,,,-0.996703127801659,-1.0,-0.9999999999999999,-1.0,-0.9955666257159117,,-0.1263828279778776,0.9512871368336252,0.8676903975825214,0.907285741589068,0.7990261797940741,,,,,,-0.479021985677084,,,,,,,,,,-0.9856370276193894,0.9999970511640782,,,,,0.5562610898251751,,,
,,,,,,,,,,,,,,,,,,,,,,,,,,,,,,,,,,,,,,,,,,,,,,,,,,,,,,,,,,,,,,,,,,,,,,,,,,,,,,,,,,,,,,,,,,,,,,,,,,,,,,,,,,,,,,,,,,,,,,,,,,,,,,,,,,,,,,,,,,,,,,,,,,,,,,,,,,,,,,,,,,,,,,,,,,,,,,,,,,,,,,,
,,,,,,,,,,,,,,,,,,,,,,,,,,,,,,,,,,,,,,,,,,,,,,,,,,,,,,,,,,,,,,,,,,,,,,,,,,,,,,,,,,,,,,,,,,,,,,,,,,,,,,,,,,,,,,,,,,,,,,,,,,,,,,,,,,,,,,,,,,,,,,,,,,,,,,,,,,,,,,,,,,,,,,,,,,,,,,,,,,,,,,,
,,,,,,,,,,,,,,,,,,,,,,,,,,,,,,,,,,,,,,,,,,,,,,,,,,,,,,,,,,,,,,,,,,,,,,,,,,,,,,,,,,,,,,,,,,,,,,,,,,,,,,,,,,,,,,,,,,,,,,,,,,,,,,,,,,,,,,,,,,,,,,,,,,,,,,,,,,,,,,,,,,,,,,,,,,,,,,,,,,,,,,,
,,,,,,-1.0,-1.0,,-1.0,1.0,-0.10153461651336217,,0.8676903975825215,,-0.9960206323206018,0.5663938603238309,,,,,,,-1.421346445803058e-16,,,,,,0.8929320100364619,,,,,,,,,,,,,,,,,,,,,,,,,,,,1.0,1.0,1.0,,,,1.0,1.0,,,,1.0,0.9999999999999998,-0.9999999999999999,-1.0,-1.0,-1.0,,,-0.9999999999999999,-1.0,-1.0,-1.0,-1.0,-0.9983014684558728,-0.9973561052610151,-0.9918949280862938,-1.0,0.5504608469944703,0.5688436367476761,0.5696519211398114,,,,-0.9927860809908226,-0.9982734441005858,0.8953962403130074,0.9971158444337823,-0.996020632320602,0.566393860323831,-0.9927860809908226,-0.996020632320602,0.5663938603238308,-0.12013048293225162,-0.13245323570650455,-0.3779644730092272,,0.8626049982764098,0.876389810139021,0.9862045678351083,-0.664518773819645,0.566393860323831,,,,0.9999999999999997,0.9999999999999992,,,,,,,,,-0.8251871618851555,-0.8251871618851553,,-0.9960206323206018,-0.9984863836915552,-0.7922276150130503,-0.9999999999999998,0.8448831002828714,,,,,0.9072857415890679,,,,,,-0.9973284428482954,-0.7863503356814565,-0.9949885498614125,0.5581209554708991,-0.10153461651336165,,,,-0.9967031278016593,-1.0,-0.9999999999999999,-1.0,-0.9955666257159118,,-0.12638282797787764,0.9512871368336252,0.8676903975825215,0.9072857415890679,0.7990261797940741,,,,,,-0.479021985677084,,,,,,,,,,-0.9856370276193894,0.9999970511640783,,,,,0.556261089825175,,,
,,,,,,-0.9999999999999998,-1.0,,-0.9999999999999999,0.9999999999999998,-0.10153461651336218,,0.8676903975825215,,-0.9960206323206018,0.566393860323831,,,,,,,-9.949425120621406e-17,,,,,,0.8929320100364619,,,,,,,,,,,,,,,,,,,,,,,,,,,,1.0,1.0,1.0,,,,1.0,1.0,,,,1.0,1.0,-0.9999999999999998,-1.0,-1.0,-1.0,,,-1.0,-1.0,-0.9999999999999999,-1.0,-1.0,-0.9983014684558729,-0.997356105261015,-0.9918949280862938,-1.0,0.5504608469944704,0.5688436367476762,0.5696519211398114,,,,-0.9927860809908224,-0.9982734441005858,0.895396240313007,0.9971158444337824,-0.9960206323206021,0.566393860323831,-0.9927860809908224,-0.9960206323206018,0.5663938603238309,-0.12013048293225155,-0.1324532357065045,-0.3779644730092272,,0.8626049982764097,0.8763898101390208,0.9862045678351082,-0.6645187738196451,0.5663938603238312,,,,0.9999999999999998,0.9999999999999994,,,,,,,,,-0.8251871618851555,-0.8251871618851553,,-0.9960206323206022,-0.9984863836915551,-0.7922276150130501,-1.0,0.8448831002828715,,,,,0.9072857415890678,,,,,,-0.9973284428482956,-0.7863503356814566,-0.9949885498614124,0.5581209554708992,-0.10153461651336168,,,,-0.996703127801659,-1.0,-1.0,-1.0,-0.9955666257159117,,-0.1263828279778776,0.9512871368336254,0.8676903975825215,0.9072857415890678,0.7990261797940741,,,,,,-0.47902198567708393,,,,,,,,,,-0.9856370276193895,0.9999970511640782,,,,,0.5562610898251751,,,
,,,,,,,,,,,,,,,,,,,,,,,,,,,,,,,,,,,,,,,,,,,,,,,,,,,,,,,,,,,,,,,,,,,,,,,,,,,,,,,,,,,,,,,,,,,,,,,,,,,,,,,,,,,,,,,,,,,,,,,,,,,,,,,,,,,,,,,,,,,,,,,,,,,,,,,,,,,,,,,,,,,,,,,,,,,,,,,,,,,,,,,
,,,,,,,,,,,,,,,,,,,,,,,,,,,,,,,,,,,,,,,,,,,,,,,,,,,,,,,,,,,,,,,,,,,,,,,,,,,,,,,,,,,,,,,,,,,,,,,,,,,,,,,,,,,,,,,,,,,,,,,,,,,,,,,,,,,,,,,,,,,,,,,,,,,,,,,,,,,,,,,,,,,,,,,,,,,,,,,,,,,,,,,
,,,,,,-0.7483314773547874,-0.7483314773547881,,-0.748331477354788,0.7483314773547888,0.06587670009664257,,-0.45099427616606846,,0.4901884461028433,-0.3308906241041872,,,,,,,,-0.9752765581141101,0.9724280063484592,,-0.07423952381003117,0.9212190962388733,0.8340505373123422,,,,,,,,,,,,,,,,,,,,,,,,0.3879255145042694,,,,,,,,,,,,,,1.0,0.7483314773547883,0.7483314773547883,-0.7483314773547884,-0.7483314773547883,-0.7483314773547886,-0.7483314773547882,,,-0.7483314773547884,-0.7483314773547883,-0.7483314773547886,-0.7483314773547886,-0.7483314773547881,0.4908283639121424,0.4905633590607055,0.48902612448769595,0.4913036844405174,-0.3233405939958101,-0.3320405209240122,-0.33241927940416993,,,,0.4892777110119531,0.49082051276300714,-0.46000628809845406,-0.4904959573558949,0.49018844610284307,-0.3308906241041871,0.4892777110119527,0.4901884461028432,-0.33089062410418807,0.07782141462428313,0.08570429162742003,0.2338535866733713,,-0.44930571656527357,-0.45385794206210844,-0.48741280143663696,0.37467045004287397,-0.330890624104187,0.3567364709494131,0.3712956374533596,0.4166853191895335,0.7483314773547886,0.7483314773547877,,,,,,,,,-0.49037227367387576,-0.490372273673876,,0.4901884461028433,-0.08600674374521776,-0.8597910164473401,-0.7483314773547882,-0.44333659777996187,,,-0.05598119772365362,0.9230254342289114,0.9026592869895039,,,,,,-0.7439378542767093,-0.9436485104212232,0.48989826163217354,-0.32698583273703014,0.06587670009664456,,,,0.3796142460745382,-0.7483314773547887,-0.7483314773547883,-0.7483314773547883,0.5487560139893287,,0.08182448939026171,-0.47724982912689506,-0.4509942761660687,0.9026592869895039,0.7545167278122841,-0.05598119772365362,0.9230254342289114,-0.933562929947561,0.9609233031702844,0.9629985215595567,0.28797778468284974,,,,,,,,,,0.4872512423621074,0.7612881262570591,0.38792551450426926,0.38792551450426904,0.387925514504269,,0.9304316723330603,,,
,,,,,,-1.0,-0.9999999999999999,,-1.0,1.0,-0.02817006188947427,,0.19285326454966142,,-0.20961339660250794,0.14149478261641996,,,,,,,-4.187682126011416e-17,-0.9752765581141098,0.9724280063484592,,-0.07423952381003122,0.9212190962388733,0.96180789959755,,,,,,,,,,,,,,,,,,,,,,,,0.3879255145042693,,,,1.0,1.0,1.0,,,,1.0,1.0,,,0.7483314773547883,1.0,1.0,-1.0,-1.0,-1.0,-1.0,,,-1.0,-0.9999999999999997,-1.0,-1.0,-1.0,-0.20988703696800404,-0.20977371612687112,-0.2091163669731224,-0.21009029257555625,0.13826625393923478,0.14198649917983983,0.1421484631187066,,,,-0.20922394989619647,-0.20988367967541507,0.19670696295154766,0.2097448939455359,-0.20961339660250783,0.14149478261642004,-0.2092239498961966,-0.20961339660250797,0.1414947826164197,-0.033277836671786895,-0.0366486966681101,-0.10000000000000014,,0.19213120609213888,0.19407781959573786,0.20842648101755099,-0.1602158236581529,0.14149478261642,0.356736470949413,0.3712956374533596,0.41668531918953344,0.9999999999999998,0.9999999999999998,,,,,,,,,-0.7585686508908869,-0.7585686508908869,,-0.20961339660250772,-0.7244779471968964,-0.9251919063909129,-1.0,0.18957870353264245,,,-0.05598119772365363,0.9230254342289114,0.9516624182824479,,,,,,-0.99908917784206,-0.88766282360409,-0.20948930850328448,0.1398250235921069,-0.02817006188947297,,,,-0.32807511591250355,-1.0,-1.0,-1.0,-0.14202980705394105,,-0.034989623445266724,0.20408061125591423,0.1928532645496615,0.9516624182824479,0.9179515142139923,-0.05598119772365363,0.9230254342289114,-0.9335629299475607,0.9609233031702846,0.9629985215595568,-0.12314448060404368,,,,,,,,,,-0.20835739545130988,0.9998039392925491,0.38792551450426926,0.387925514504269,0.3879255145042689,,0.863394930817863,,,
,,,,,,-1.0,-1.0,,-0.9999999999999994,1.0,-0.028170061889474268,,0.19285326454966145,,-0.20961339660250802,0.14149478261642004,,,,,,,-6.187666610755569e-17,-0.97527655811411,0.9724280063484592,,-0.07423952381003114,0.9212190962388735,0.9618078995975501,,,,,,,,,,,,,,,,,,,,,,,,0.3879255145042693,,,,0.9999999999999998,1.0,0.9999999999999999,,,,0.9999999999999998,1.0,,,0.7483314773547883,1.0,1.0,-0.9999999999999997,-0.9999999999999997,-1.0,-1.0,,,-0.9999999999999998,-0.9999999999999998,-1.0,-1.0,-0.9999999999999996,-0.20988703696800423,-0.20977371612687112,-0.20911636697312244,-0.21009029257555625,0.13826625393923486,0.14198649917984,0.14214846311870666,,,,-0.20922394989619655,-0.209883679675415,0.19670696295154771,0.20974489394553586,-0.209613396602508,0.14149478261641993,-0.20922394989619658,-0.20961339660250805,0.1414947826164197,-0.033277836671786944,-0.03664869666811005,-0.10000000000000006,,0.1921312060921389,0.194077819595738,0.20842648101755118,-0.16021582365815293,0.14149478261642007,0.3567364709494132,0.3712956374533598,0.41668531918953366,0.9999999999999999,0.9999999999999999,,,,,,,,,-0.7585686508908867,-0.7585686508908868,,-0.20961339660250788,-0.724477947196897,-0.925191906390913,-0.9999999999999994,0.1895787035326425,,,-0.055981197723653654,0.9230254342289114,0.951662418282448,,,,,,-0.9990891778420595,-0.8876628236040894,-0.20948930850328454,0.13982502359210697,-0.028170061889473016,,,,-0.3280751159125034,-1.0,-0.9999999999999999,-0.9999999999999998,-0.14202980705394103,,-0.03498962344526674,0.20408061125591426,0.1928532645496615,0.951662418282448,0.9179515142139919,-0.055981197723653654,0.9230254342289114,-0.933562929947561,0.9609233031702846,0.962998521559557,-0.12314448060404376,,,,,,,,,,-0.20835739545130996,0.9998039392925486,0.3879255145042693,0.38792551450426915,0.38792551450426893,,0.8633949308178629,,,
,,,,,,1.0,0.9999999999999991,,1.0,-1.0,0.028170061889474244,,-0.19285326454966156,,0.20961339660250816,-0.14149478261641996,,,,,,,3.1738222428718096e-17,0.97527655811411,-0.9724280063484588,,0.07423952381003117,-0.9212190962388734,-0.9618078995975502,,,,,,,,,,,,,,,,,,,,,,,,-0.38792551450426926,,,,-0.9999999999999999,-0.9999999999999998,-0.9999999999999999,,,,-0.9999999999999999,-0.9999999999999998,,,-0.7483314773547884,-1.0,-0.9999999999999997,1.0,1.0,1.0,0.9999999999999997,,,0.9999999999999999,0.999999999999999,0.9999999999999999,1.0,0.9999999999999999,0.20988703696800423,0.20977371612687126,0.20911636697312247,0.21009029257555617,-0.13826625393923492,-0.14198649917983985,-0.14214846311870663,,,,0.2092239498961965,0.209883679675415,-0.19670696295154771,-0.20974489394553586,0.20961339660250797,-0.14149478261641993,0.2092239498961966,0.20961339660250805,-0.14149478261641965,0.03327783667178693,0.03664869666811008,0.10000000000000007,,-0.19213120609213905,-0.19407781959573803,-0.2084264810175511,0.16021582365815287,-0.1414947826164201,-0.356736470949413,-0.3712956374533596,-0.41668531918953344,-1.0,-0.9999999999999994,,,,,,,,,0.7585686508908868,0.7585686508908867,,0.2096133966025079,0.7244779471968967,0.9251919063909132,0.9999999999999999,-0.18957870353264245,,,0.055981197723653654,-0.9230254342289113,-0.9516624182824478,,,,,,0.9990891778420601,0.8876628236040898,0.20948930850328462,-0.139825023592107,0.028170061889472995,,,,0.32807511591250343,1.0,0.9999999999999998,0.9999999999999999,0.14202980705394108,,0.03498962344526676,-0.2040806112559142,-0.19285326454966148,-0.9516624182824478,-0.9179515142139921,0.055981197723653654,-0.9230254342289113,0.9335629299475607,-0.9609233031702842,-0.9629985215595569,0.12314448060404369,,,,,,,,,,0.20835739545131007,-0.999803939292549,-0.38792551450426915,-0.38792551450426904,-0.38792551450426876,,-0.8633949308178628,,,
,,,,,,1.0,0.9999999999999991,,0.9999999999999998,-1.0,0.028170061889474265,,-0.19285326454966156,,0.2096133966025081,-0.14149478261641996,,,,,,,3.1738222428718096e-17,0.9752765581141101,-0.972428006348459,,0.07423952381003111,-0.9212190962388738,-0.9618078995975503,,,,,,,,,,,,,,,,,,,,,,,,-0.38792551450426943,,,,-1.0,-1.0,-1.0,,,,-1.0,-1.0,,,-0.7483314773547883,-1.0,-0.9999999999999997,1.0,1.0,0.9999999999999999,0.9999999999999996,,,0.9999999999999998,0.9999999999999993,0.9999999999999999,1.0,1.0,0.2098870369680042,0.20977371612687132,0.20911636697312241,0.2100902925755562,-0.13826625393923492,-0.14198649917983985,-0.14214846311870666,,,,0.20922394989619653,0.20988367967541496,-0.19670696295154766,-0.20974489394553594,0.20961339660250797,-0.1414947826164199,0.20922394989619655,0.20961339660250808,-0.14149478261641965,0.0332778366717869,0.036648696668110096,0.10000000000000006,,-0.19213120609213902,-0.19407781959573803,-0.2084264810175511,0.16021582365815287,-0.14149478261642007,-0.3567364709494132,-0.37129563745335975,-0.41668531918953366,-0.9999999999999998,-0.9999999999999992,,,,,,,,,0.7585686508908869,0.7585686508908868,,0.20961339660250788,0.7244779471968966,0.9251919063909131,0.9999999999999999,-0.18957870353264247,,,0.05598119772365359,-0.9230254342289116,-0.951662418282448,,,,,,0.99908917784206,0.8876628236040895,0.20948930850328468,-0.139825023592107,0.02817006188947299,,,,0.3280751159125035,0.9999999999999999,0.9999999999999997,0.9999999999999999,0.14202980705394105,,0.034989623445266765,-0.20408061125591415,-0.1928532645496615,-0.951662418282448,-0.9179515142139923,0.05598119772365359,-0.9230254342289116,0.9335629299475608,-0.9609233031702847,-0.9629985215595572,0.12314448060404369,,,,,,,,,,0.20835739545131002,-0.999803939292549,-0.38792551450426926,-0.38792551450426915,-0.387925514504269,,-0.863394930817863,,,
,,,,,,1.0,1.0,,1.0,-1.0,0.028170061889474275,,-0.19285326454966165,,0.209613396602508,-0.14149478261641987,,,,,,,6.957994917065121e-17,0.97527655811411,-0.9724280063484587,,0.07423952381003115,-0.9212190962388734,-0.96180789959755,,,,,,,,,,,,,,,,,,,,,,,,-0.3879255145042695,,,,-1.0,-1.0,-0.9999999999999998,,,,-1.0,-1.0,,,-0.7483314773547886,-1.0,-1.0,1.0,0.9999999999999999,1.0,1.0,,,1.0,1.0,1.0,1.0,1.0,0.2098870369680042,0.20977371612687107,0.20911636697312244,0.21009029257555617,-0.1382662539392348,-0.1419864991798398,-0.14214846311870663,,,,0.2092239498961965,0.20988367967541502,-0.19670696295154766,-0.2097448939455358,0.20961339660250783,-0.14149478261641993,0.20922394989619644,0.20961339660250788,-0.14149478261641965,0.033277836671786944,0.03664869666811003,0.09999999999999998,,-0.19213120609213896,-0.19407781959573792,-0.20842648101755093,0.16021582365815287,-0.14149478261642,-0.35673647094941324,-0.37129563745335975,-0.41668531918953366,-1.0,-1.0,,,,,,,,,0.7585686508908869,0.7585686508908867,,0.20961339660250777,0.724477947196897,0.925191906390913,1.0,-0.18957870353264236,,,0.055981197723653606,-0.9230254342289115,-0.9516624182824482,,,,,,0.9990891778420601,0.8876628236040898,0.20948930850328445,-0.1398250235921069,0.028170061889472988,,,,0.3280751159125033,0.9999999999999998,1.0,1.0,0.14202980705394094,,0.03498962344526675,-0.20408061125591412,-0.19285326454966142,-0.9516624182824482,-0.9179515142139922,0.055981197723653606,-0.9230254342289115,0.933562929947561,-0.9609233031702844,-0.9629985215595571,0.12314448060404361,,,,,,,,,,0.20835739545131,-0.9998039392925495,-0.3879255145042694,-0.38792551450426904,-0.38792551450426904,,-0.8633949308178628,,,
,,,,,,1.0,0.9999999999999998,,0.9999999999999998,-1.0,0.028170061889474254,,-0.19285326454966148,,0.20961339660250797,-0.14149478261641987,,,,,,,1.2563046378034248e-17,0.9752765581141104,-0.9724280063484592,,0.07423952381003118,-0.9212190962388735,-0.9618078995975503,,,,,,,,,,,,,,,,,,,,,,,,-0.38792551450426943,,,,-1.0,-1.0,-1.0,,,,-1.0,-1.0,,,-0.7483314773547882,-1.0,-1.0,0.9999999999999997,0.9999999999999996,1.0,1.0,,,1.0,1.0,1.0,1.0,1.0,0.20988703696800426,0.2097737161268711,0.2091163669731224,0.21009029257555606,-0.13826625393923472,-0.14198649917983974,-0.14214846311870663,,,,0.2092239498961963,0.2098836796754149,-0.19670696295154758,-0.20974489394553567,0.20961339660250797,-0.14149478261641985,0.2092239498961964,0.2096133966025079,-0.14149478261641965,0.03327783667178688,0.036648696668110055,0.10000000000000003,,-0.19213120609213882,-0.19407781959573775,-0.20842648101755096,0.16021582365815282,-0.14149478261642,-0.35673647094941313,-0.37129563745335986,-0.4166853191895336,-1.0,-0.9999999999999999,,,,,,,,,0.7585686508908871,0.7585686508908871,,0.2096133966025078,0.724477947196897,0.925191906390913,0.9999999999999999,-0.18957870353264242,,,0.05598119772365366,-0.9230254342289118,-0.9516624182824482,,,,,,0.9990891778420601,0.8876628236040898,0.20948930850328443,-0.1398250235921069,0.028170061889472974,,,,0.3280751159125034,0.9999999999999998,1.0,1.0,0.14202980705394086,,0.03498962344526675,-0.2040806112559142,-0.19285326454966134,-0.9516624182824482,-0.9179515142139922,0.05598119772365366,-0.9230254342289118,0.9335629299475607,-0.9609233031702847,-0.9629985215595572,0.12314448060404368,,,,,,,,,,0.20835739545130982,-0.999803939292549,-0.38792551450426926,-0.38792551450426915,-0.3879255145042691,,-0.863394930817863,,,
,,,,,,,,,,,,,,,,,,,,,,,,,,,,,,,,,,,,,,,,,,,,,,,,,,,,,,,,,,,,,,,,,,,,,,,,,,,,,,,,,,,,,,,,,,,,,,,,,,,,,,,,,,,,,,,,,,,,,,,,,,,,,,,,,,,,,,,,,,,,,,,,,,,,,,,,,,,,,,,,,,,,,,,,,,,,,,,,,,,,,,,
,,,,,,,,,,,,,,,,,,,,,,,,,,,,,,,,,,,,,,,,,,,,,,,,,,,,,,,,,,,,,,,,,,,,,,,,,,,,,,,,,,,,,,,,,,,,,,,,,,,,,,,,,,,,,,,,,,,,,,,,,,,,,,,,,,,,,,,,,,,,,,,,,,,,,,,,,,,,,,,,,,,,,,,,,,,,,,,,,,,,,,,
,,,,,,1.0,0.9999999999999996,,0.9999999999999999,-1.0,0.028170061889474227,,-0.1928532645496614,,0.20961339660250797,-0.1414947826164199,,,,,,,6.519719755715194e-17,0.9752765581141103,-0.972428006348459,,0.07423952381003113,-0.9212190962388734,-0.9618078995975499,,,,,,,,,,,,,,,,,,,,,,,,-0.3879255145042694,,,,-0.9999999999999999,-1.0,-0.9999999999999998,,,,-0.9999999999999999,-1.0,,,-0.7483314773547884,-1.0,-0.9999999999999998,0.9999999999999999,0.9999999999999998,1.0,1.0,,,1.0,1.0,1.0,1.0,0.9999999999999997,0.20988703696800406,0.209773716126871,0.20911636697312233,0.21009029257555606,-0.13826625393923472,-0.1419864991798397,-0.14214846311870655,,,,0.20922394989619636,0.20988367967541485,-0.1967069629515475,-0.20974489394553586,0.2096133966025078,-0.1414947826164198,0.2092239498961964,0.2096133966025079,-0.14149478261641962,0.03327783667178685,0.036648696668110034,0.10000000000000005,,-0.19213120609213877,-0.19407781959573775,-0.20842648101755093,0.1602158236581528,-0.14149478261641993,-0.35673647094941313,-0.37129563745335986,-0.41668531918953344,-1.0,-0.9999999999999996,,,,,,,,,0.7585686508908868,0.7585686508908867,,0.20961339660250763,0.7244779471968966,0.9251919063909133,1.0,-0.18957870353264233,,,0.05598119772365368,-0.9230254342289114,-0.9516624182824476,,,,,,0.9990891778420598,0.8876628236040899,0.2094893085032844,-0.13982502359210694,0.028170061889472943,,,,0.3280751159125031,1.0,0.9999999999999999,1.0,0.14202980705394092,,0.034989623445266724,-0.204080611255914,-0.1928532645496613,-0.9516624182824476,-0.9179515142139922,0.05598119772365368,-0.9230254342289114,0.9335629299475606,-0.9609233031702845,-0.9629985215595571,0.12314448060404362,,,,,,,,,,0.20835739545130977,-0.9998039392925493,-0.38792551450426915,-0.38792551450426915,-0.3879255145042688,,-0.8633949308178624,,,
,,,,,,1.0,0.9999999999999998,,0.9999999999999997,-1.0,0.02817006188947421,,-0.19285326454966145,,0.2096133966025077,-0.14149478261641993,,,,,,,7.657960051411066e-17,0.9752765581141105,-0.9724280063484593,,0.07423952381003121,-0.9212190962388737,-0.9618078995975503,,,,,,,,,,,,,,,,,,,,,,,,-0.3879255145042694,,,,-1.0,-1.0,-0.9999999999999998,,,,-1.0,-1.0,,,-0.7483314773547883,-0.9999999999999997,-0.9999999999999998,0.999999999999999,0.9999999999999993,1.0,1.0,,,1.0,1.0,0.9999999999999998,0.9999999999999997,1.0,0.20988703696800412,0.20977371612687098,0.2091163669731222,0.210090292575556,-0.13826625393923472,-0.14198649917983971,-0.14214846311870658,,,,0.20922394989619625,0.20988367967541496,-0.19670696295154744,-0.20974489394553567,0.20961339660250783,-0.14149478261641985,0.20922394989619636,0.20961339660250775,-0.14149478261641954,0.03327783667178688,0.03664869666811005,0.09999999999999999,,-0.19213120609213882,-0.19407781959573775,-0.20842648101755082,0.1602158236581528,-0.14149478261641998,-0.3567364709494131,-0.3712956374533598,-0.41668531918953355,-0.9999999999999997,-0.9999999999999992,,,,,,,,,0.7585686508908867,0.7585686508908868,,0.20961339660250772,0.7244779471968967,0.9251919063909129,1.0,-0.18957870353264233,,,0.05598119772365366,-0.9230254342289116,-0.9516624182824481,,,,,,0.9990891778420598,0.8876628236040897,0.20948930850328434,-0.1398250235921068,0.02817006188947294,,,,0.32807511591250305,0.9999999999999997,1.0,0.9999999999999998,0.14202980705394083,,0.03498962344526669,-0.2040806112559142,-0.19285326454966123,-0.9516624182824481,-0.9179515142139925,0.05598119772365366,-0.9230254342289116,0.933562929947561,-0.9609233031702847,-0.9629985215595573,0.12314448060404364,,,,,,,,,,0.20835739545130974,-0.9998039392925487,-0.3879255145042693,-0.38792551450426904,-0.3879255145042689,,-0.8633949308178628,,,
,,,,,,1.0,1.0,,0.9999999999999997,-1.0,0.028170061889474213,,-0.19285326454966145,,0.2096133966025078,-0.14149478261641987,,,,,,,2.964801674006817e-17,0.9752765581141101,-0.9724280063484587,,0.0742395238100312,-0.9212190962388735,-0.9618078995975499,,,,,,,,,,,,,,,,,,,,,,,,-0.38792551450426943,,,,-1.0,-0.9999999999999999,-1.0,,,,-1.0,-0.9999999999999999,,,-0.7483314773547886,-1.0,-1.0,0.9999999999999999,0.9999999999999999,1.0,1.0,,,1.0,0.9999999999999998,1.0,0.9999999999999999,1.0,0.20988703696800406,0.2097737161268711,0.20911636697312236,0.210090292575556,-0.13826625393923478,-0.14198649917983974,-0.14214846311870655,,,,0.20922394989619636,0.20988367967541494,-0.19670696295154738,-0.20974489394553572,0.20961339660250786,-0.1414947826164199,0.20922394989619644,0.2096133966025077,-0.14149478261641965,0.03327783667178689,0.03664869666811007,0.09999999999999998,,-0.19213120609213885,-0.19407781959573778,-0.20842648101755096,0.16021582365815276,-0.14149478261641998,-0.3567364709494131,-0.37129563745335986,-0.4166853191895335,-1.0,-0.9999999999999997,,,,,,,,,0.7585686508908868,0.7585686508908874,,0.2096133966025078,0.7244779471968971,0.9251919063909135,1.0,-0.18957870353264233,,,0.055981197723653654,-0.9230254342289113,-0.9516624182824477,,,,,,0.9990891778420601,0.88766282360409,0.20948930850328445,-0.1398250235921069,0.028170061889472946,,,,0.3280751159125033,1.0,0.9999999999999999,0.9999999999999998,0.14202980705394083,,0.03498962344526674,-0.20408061125591415,-0.19285326454966134,-0.9516624182824477,-0.9179515142139922,0.055981197723653654,-0.9230254342289113,0.9335629299475607,-0.9609233031702845,-0.9629985215595569,0.1231444806040437,,,,,,,,,,0.2083573954513098,-0.9998039392925488,-0.38792551450426915,-0.387925514504269,-0.3879255145042688,,-0.8633949308178626,,,
,,,,,,0.9999999999999999,0.9999999999999998,,1.0,-1.0,0.02817006188947425,,-0.19285326454966145,,0.2096133966025079,-0.1414947826164199,,,,,,,7.537827826820548e-17,0.9752765581141101,-0.9724280063484588,,0.07423952381003118,-0.9212190962388733,-0.9618078995975503,,,,,,,,,,,,,,,,,,,,,,,,-0.3879255145042694,,,,-1.0,-1.0,-1.0,,,,-1.0,-1.0,,,-0.7483314773547886,-1.0,-1.0,1.0,1.0,1.0,1.0,,,1.0,0.9999999999999997,0.9999999999999999,1.0,1.0,0.20988703696800415,0.2097737161268711,0.2091163669731223,0.21009029257555603,-0.13826625393923478,-0.14198649917983977,-0.14214846311870663,,,,0.20922394989619642,0.209883679675415,-0.19670696295154763,-0.2097448939455358,0.20961339660250777,-0.1414947826164199,0.20922394989619647,0.20961339660250786,-0.1414947826164196,0.033277836671786895,0.03664869666811005,0.09999999999999999,,-0.1921312060921389,-0.19407781959573783,-0.20842648101755093,0.16021582365815284,-0.14149478261642004,-0.3567364709494131,-0.37129563745335964,-0.41668531918953355,-1.0,-1.0,,,,,,,,,0.7585686508908871,0.7585686508908872,,0.20961339660250786,0.724477947196897,0.9251919063909129,1.0,-0.18957870353264242,,,0.05598119772365366,-0.9230254342289114,-0.9516624182824479,,,,,,0.9990891778420594,0.8876628236040899,0.2094893085032845,-0.13982502359210694,0.028170061889472988,,,,0.3280751159125033,1.0,1.0,0.9999999999999999,0.14202980705394092,,0.034989623445266745,-0.20408061125591423,-0.19285326454966142,-0.9516624182824479,-0.9179515142139923,0.05598119772365366,-0.9230254342289114,0.933562929947561,-0.9609233031702846,-0.9629985215595567,0.1231444806040437,,,,,,,,,,0.20835739545130988,-0.9998039392925492,-0.38792551450426915,-0.38792551450426904,-0.38792551450426893,,-0.8633949308178626,,,
,,,,,,1.0,0.9999999999999994,,1.0,-1.0,0.02817006188947426,,-0.19285326454966142,,0.20961339660250794,-0.1414947826164199,,,,,,,3.8593678473321205e-17,0.9752765581141101,-0.9724280063484589,,0.07423952381003114,-0.9212190962388738,-0.9618078995975503,,,,,,,,,,,,,,,,,,,,,,,,-0.38792551450426943,,,,-1.0,-1.0,-1.0,,,,-1.0,-1.0,,,-0.7483314773547881,-1.0,-0.9999999999999996,0.9999999999999999,1.0,1.0,1.0,,,0.9999999999999997,1.0,1.0,1.0,1.0,0.2098870369680042,0.209773716126871,0.20911636697312247,0.21009029257555611,-0.13826625393923472,-0.14198649917983985,-0.1421484631187066,,,,0.2092239498961963,0.20988367967541513,-0.1967069629515476,-0.2097448939455359,0.20961339660250786,-0.14149478261641996,0.20922394989619647,0.20961339660250794,-0.14149478261641968,0.0332778366717869,0.036648696668110034,0.10000000000000002,,-0.19213120609213885,-0.19407781959573778,-0.20842648101755093,0.1602158236581529,-0.14149478261642004,-0.35673647094941313,-0.3712956374533597,-0.41668531918953355,-1.0,-0.9999999999999996,,,,,,,,,0.7585686508908868,0.7585686508908869,,0.20961339660250783,0.7244779471968972,0.9251919063909132,1.0,-0.1895787035326425,,,0.055981197723653627,-0.9230254342289111,-0.9516624182824478,,,,,,0.9990891778420596,0.88766282360409,0.20948930850328443,-0.13982502359210697,0.028170061889472978,,,,0.32807511591250343,0.9999999999999999,1.0,1.0,0.14202980705394097,,0.03498962344526672,-0.20408061125591428,-0.19285326454966142,-0.9516624182824478,-0.9179515142139921,0.055981197723653627,-0.9230254342289111,0.9335629299475608,-0.9609233031702845,-0.9629985215595567,0.12314448060404365,,,,,,,,,,0.20835739545131,-0.9998039392925491,-0.3879255145042693,-0.3879255145042691,-0.3879255145042689,,-0.863394930817863,,,
,,,,,,0.2098870369680046,0.20988703696800393,,0.20988703696800412,-0.20988703696800398,0.10832566670665643,,-0.9273952905259669,,0.999725568965972,-0.6610256316077596,,,,,,,0.026090623962518635,,,0.9994765061030818,,,-0.07118191965186828,,,,,0.26280908520711255,,,,,,,,,,,,,,,,,,,,0.2606787983820656,,0.41664212438806464,-0.9983014684558728,-0.9983014684558729,-0.998301468455873,,,,-0.9983014684558728,-0.9983014684558729,,,0.4908283639121424,-0.20988703696800404,-0.20988703696800423,0.20988703696800423,0.2098870369680042,0.2098870369680042,0.20988703696800426,,,0.20988703696800406,0.20988703696800412,0.20988703696800406,0.20988703696800415,0.2098870369680042,1.0,0.9999403229459224,0.9986270748546779,0.9990325321314936,-0.6454430644714763,-0.6639930726400103,-0.6626217777550151,,,,0.9985842085130738,0.9991689372997553,-0.9303331137550996,-0.999710849707262,0.9997255689659718,-0.6610256316077594,0.9985842085130738,0.999725568965972,-0.6610256316077601,0.1323936096520996,0.18410849260614714,0.4887593075453801,,-0.9237328263022798,-0.933674952586274,-0.994596195759489,0.7537546333006944,-0.6610256316077596,,,,-0.2098870369680038,-0.20988703696800443,0.9999612321872173,0.9999445817727588,0.9970097056578453,,,,0.9376788818054961,,0.2730199280662262,0.27301992806622627,,0.9997255689659723,0.8258094040484986,-0.04783781669670971,0.2098870369680042,-0.9132591057268845,,0.9999612321872173,,,0.05721210996260845,,,,,,0.21406767367190077,-0.22992514418837776,0.9969332217157787,-0.6539390871399813,0.10832566670665758,0.9990181409526832,0.9994765061030765,0.9973156821863569,0.992203750168391,0.20988703696800423,0.20988703696800415,0.20988703696800404,0.9973462666733227,,0.1427348997088564,-0.9715479660533755,-0.9273952905259668,0.05721210996260845,-0.13652873959801806,,,,,,0.599456873398474,,,,,,,,,,0.990914466648355,-0.1904914143231496,,,,,0.2343501090775892,0.833224602520618,0.9994765061030767,
,,,,,,0.20977371612687173,0.20977371612687093,,0.20977371612687112,-0.20977371612687098,0.10213456489521658,,-0.9293614202370607,,0.9999218260967891,-0.6577909851077499,,,,,,,0.0325679966084548,,,0.9996184025323835,,,-0.07054593848837908,,,,,0.26708190667226267,,,,,,,,,,,,,,,,,,,,0.2611269179704935,,0.4154670786647184,-0.9973561052610151,-0.997356105261015,-0.997356105261015,,,,-0.9973561052610151,-0.997356105261015,,,0.4905633590607055,-0.20977371612687112,-0.20977371612687112,0.20977371612687126,0.20977371612687132,0.20977371612687107,0.2097737161268711,,,0.209773716126871,0.20977371612687098,0.2097737161268711,0.2097737161268711,0.209773716126871,0.9999403229459224,1.0,0.9991395710066973,0.9984931409975984,-0.642117850423266,-0.6609479837233294,-0.6589888471895695,,,,0.9989546066518328,0.9989101969265544,-0.9286036684079663,-0.9997450982720149,0.9999218260967888,-0.6577909851077498,0.9989546066518326,0.999921826096789,-0.6577909851077505,0.1261384659406722,0.1862966942180243,0.49168340418937445,,-0.9256487189278886,-0.9357407934695748,-0.9948911475360505,0.7512960329863442,-0.6577909851077498,,,,-0.20977371612687093,-0.20977371612687148,0.9999083734940237,0.9999832020969498,0.9973641951570172,,,,0.9360240969060937,,0.2728725209259784,0.2728725209259785,,0.9999218260967886,0.8258824041429998,-0.04670878419994157,0.2097737161268712,-0.9155749153123293,,0.9999083734940237,,,0.05839919633591915,,,,,,0.2136903068936771,-0.23095870362081722,0.9966045607421802,-0.6509046508135113,0.10213456489521787,0.9992165867216448,0.9996184025323817,0.9969580523373791,0.9923791279463353,0.2097737161268711,0.20977371612687115,0.2097737161268712,0.9975529001055643,,0.13702934446386483,-0.9712882969849037,-0.9293614202370608,0.05839919633591915,-0.1362579561005618,,,,,,0.6025442814127908,,,,,,,,,,0.9904403829248248,-0.1903736602689017,,,,,0.23588144107421616,0.8358316087570362,0.9996184025323815,
,,,,,,0.20911636697312289,0.2091163669731222,,0.20911636697312244,-0.20911636697312205,0.07913497095645185,,-0.9355899984627665,,0.9995799715771084,-0.6449446942300107,,,,,,,0.057002707951527266,,,0.999913107539179,,,-0.06810422910519265,,,,,0.2795727953483126,,,,,,,,,,,,,,,,,,,,0.2617832940259575,,0.4117305808189946,-0.9918949280862938,-0.9918949280862938,-0.991894928086294,,,,-0.9918949280862938,-0.9918949280862938,,,0.48902612448769595,-0.2091163669731224,-0.20911636697312244,0.20911636697312247,0.20911636697312241,0.20911636697312244,0.2091163669731224,,,0.20911636697312233,0.2091163669731222,0.20911636697312236,0.2091163669731223,0.20911636697312247,0.9986270748546779,0.9991395710066973,1.0,0.9953642522436704,-0.6288550404305006,-0.6488924784493394,-0.6445821504987121,,,,0.9992672034509212,0.996850206309334,-0.92110527843448,-0.9987828961818226,0.999579971577108,-0.6449446942300108,0.9992672034509213,0.9995799715771084,-0.6449446942300118,0.10287847228981063,0.19398971088452163,0.5019755694201781,,-0.9317023182404585,-0.9423150539075463,-0.9948603716954127,0.7410840192003332,-0.6449446942300104,,,,-0.20911636697312203,-0.20911636697312277,0.9996085513124099,0.9999626078537874,0.998308149430002,,,,0.9308432664707164,,0.2720174446846656,0.2720174446846657,,0.9995799715771084,0.82526231146393,-0.042427905298183625,0.20911636697312236,-0.9231101716415816,,0.9996085513124099,,,0.06282117484528911,,,,,,0.21205254150889874,-0.23452479892155126,0.9943277170634675,-0.638786548717801,0.07913497095645308,0.999683963367879,0.9999131075391782,0.9957283294391474,0.9919663175702921,0.20911636697312241,0.20911636697312233,0.20911636697312236,0.9972529508934898,,0.11578554729954658,-0.9692377239747161,-0.9355899984627665,0.06282117484528911,-0.13514077208456177,,,,,,0.6135179562121152,,,,,,,,,,0.9876428390084409,-0.18972057251717359,,,,,0.24146355622889407,0.8436737056722278,0.9999131075391783,
,,,,,,0.2100902925755565,0.2100902925755559,,0.210090292575556,-0.21009029257555584,0.13408549983023527,,-0.9179541909596056,,0.9977300427963529,-0.6734951000438681,,,,,,,7.537827826820548e-17,,,,,,-0.07371710691913375,,,,,,,,,,,,,,,,,,,,,,,,,,,,-1.0,-1.0,-1.0,,,,-1.0,-1.0,,,0.4913036844405174,-0.21009029257555625,-0.21009029257555625,0.21009029257555617,0.2100902925755562,0.21009029257555617,0.21009029257555606,,,0.21009029257555606,0.210090292575556,0.210090292575556,0.21009029257555603,0.21009029257555611,0.9990325321314936,0.9984931409975984,0.9953642522436704,1.0,-0.658127761374356,-0.6758356011559948,-0.6766065265370836,,,,0.9958763317012945,0.9990165518948625,-0.9362972488641034,-0.9983559515016817,0.9977300427963526,-0.6734951000438683,0.9958763317012943,0.997730042796353,-0.6734951000438689,0.15839778346645836,0.1744425990312234,0.47598581911649424,,-0.914517295096067,-0.9237828993262053,-0.992080492927075,0.7626046005934967,-0.6734951000438683,,,,-0.21009029257555575,-0.21009029257555642,,,,,,,,,0.27328432186659873,0.2732843218665987,,0.9977300427963528,0.8245198590533187,-0.05241899329953608,0.21009029257555611,-0.9023677448802789,,,,,0.05233124364270294,,,,,,0.21537013410917816,-0.22529558046383769,0.997139401040837,-0.6655472838747225,0.13408549983023654,,,,0.990301365092698,0.21009029257555623,0.2100902925755561,0.21009029257555595,0.9953118278356254,,0.16654564576172778,-0.9713947691444115,-0.9179541909596055,0.05233124364270294,-0.13752184460644093,,,,,,0.586150264699909,,,,,,,,,,0.9917516554287092,-0.19073590422329867,,,,,0.22791475878676884,,,
,,,,,,-0.1382662539392352,-0.1382662539392347,,-0.13826625393923472,0.13826625393923475,-0.14734722433811615,,0.6174380738217364,,-0.6382259009197009,0.9928260616043372,,,,,,,0.34122222163063176,,,0.7706832971463944,,,0.0778691373557942,,,,,0.6609198584402518,,,,,,,,,,,,,,,,,,,,0.274587114240742,,0.9860983024486953,0.5504608469944703,0.5504608469944704,0.5504608469944702,,,,0.5504608469944703,0.5504608469944704,,,-0.3233405939958101,0.13826625393923478,0.13826625393923486,-0.13826625393923492,-0.13826625393923492,-0.1382662539392348,-0.13826625393923472,,,-0.13826625393923472,-0.13826625393923472,-0.13826625393923478,-0.13826625393923478,-0.13826625393923472,-0.6454430644714763,-0.642117850423266,-0.6288550404305006,-0.658127761374356,1.0,0.9783678451511041,0.9907616444845376,,,,-0.6079134282262113,-0.6756511652280298,0.8772618469219756,0.6271489562565981,-0.6382259009197007,0.9928260616043368,-0.6079134282262114,-0.6382259009197008,0.9928260616043373,-0.1693091202393856,-0.2987034147374173,-0.20862693286539988,,0.626707957613729,0.5958202832007928,0.6542446520066059,-0.9765091509740891,0.9928260616043365,,,,0.1382662539392346,0.13826625393923467,0.7438073458502377,0.7565898635039746,0.7985652208284796,,,,0.4729600995563117,,-0.1798559989687742,-0.17985599896877422,,-0.6382259009197007,-0.5296625650715892,0.24518357161794294,-0.1382662539392347,0.6036170576669252,,0.7438073458502377,,,-0.0364042264700922,,,,,,-0.14426400017874705,0.1545182740753791,-0.6419567955800826,0.9901804699829516,-0.1473472243381162,0.7782484266023075,0.7706832971463944,0.699192068961703,-0.6339606439887963,-0.1382662539392348,-0.1382662539392348,-0.13826625393923472,-0.6364070232900835,,-0.05026245822411363,0.7795819310103537,0.6174380738217365,-0.0364042264700922,0.13528941667913488,,,,,,0.21323093429529721,,,,,,,,,,-0.6128686358497424,0.12590137234368956,,,,,-0.20288743587742047,0.990580946608146,0.7706832971463944,
,,,,,,-0.14198649917984013,-0.14198649917983974,,-0.14198649917983977,0.14198649917983963,-0.1155287526243944,,0.5839555941495833,,-0.6573972828381509,0.9959888914358417,,,,,,,0.2949838336550528,,,0.7706832971463943,,,0.07545161941967851,,,,,0.5491485659659376,,,,,,,,,,,,,,,,,,,,0.12174020804360282,,0.9888564876447522,0.5688436367476761,0.5688436367476762,0.5688436367476761,,,,0.5688436367476761,0.5688436367476762,,,-0.3320405209240122,0.14198649917983983,0.14198649917984,-0.14198649917983985,-0.14198649917983985,-0.1419864991798398,-0.14198649917983974,,,-0.1419864991798397,-0.14198649917983971,-0.14198649917983974,-0.14198649917983977,-0.14198649917983985,-0.6639930726400103,-0.6609479837233294,-0.6488924784493394,-0.6758356011559948,0.9783678451511041,1.0,0.991697715431881,,,,-0.6275559681972472,-0.693579229558614,0.889586892444287,0.6459468939090688,-0.6573972828381507,0.9959888914358415,-0.6275559681972471,-0.6573972828381508,0.9959888914358418,-0.14012696990012116,-0.35517320579541856,-0.27672698187293976,,0.5916137379158171,0.5658978193979904,0.6566725913245715,-0.9348793870277116,0.9959888914358415,,,,0.14198649917983963,0.14198649917983958,0.7438073458502376,0.7565898635039745,0.7985652208284796,,,,0.47296009955631174,,-0.18469527395522112,-0.18469527395522112,,-0.6573972828381508,-0.5453231045551192,0.24275232524503126,-0.14198649917983985,0.5680968868852427,,0.7438073458502376,,,-0.04780398216914207,,,,,,-0.1466181180415239,0.13516578342620528,-0.6578168244187858,0.9941039499248521,-0.1155287526243945,0.7782484266023076,0.7706832971463944,0.699192068961703,-0.6529495251615091,-0.14198649917983994,-0.1419864991798398,-0.1419864991798398,-0.655554158703411,,-0.18229480624585642,0.778438018852031,0.5839555941495832,-0.04780398216914207,0.1377133121891404,,,,,,0.19301543054220638,,,,,,,,,,-0.6273791022817912,0.12924844101379687,,,,,-0.22172508962116214,0.990580946608146,0.7706832971463944,
,,,,,,-0.1421484631187071,-0.14214846311870652,,-0.1421484631187065,0.1421484631187064,-0.12021931249489873,,0.602232018939508,,-0.6547483345252642,0.997385652898263,,,,,,,0.3324773037563503,,,0.7706832971463943,,,0.07656505754680303,,,,,0.5968880159994207,,,,,,,,,,,,,,,,,,,,0.15781252596193565,,0.9982794270812849,0.5696519211398114,0.5696519211398114,0.5696519211398116,,,,0.5696519211398114,0.5696519211398114,,,-0.33241927940416993,0.1421484631187066,0.14214846311870666,-0.14214846311870663,-0.14214846311870666,-0.14214846311870663,-0.14214846311870663,,,-0.14214846311870655,-0.14214846311870658,-0.14214846311870655,-0.14214846311870663,-0.1421484631187066,-0.6626217777550151,-0.6589888471895695,-0.6445821504987121,-0.6766065265370836,0.9907616444845376,0.991697715431881,1.0,,,,-0.6247468812125164,-0.692492466856221,0.8898236614273177,0.6446136488150971,-0.654748334525264,0.9973856528982629,-0.6247468812125163,-0.6547483345252643,0.997385652898263,-0.1443112222781199,-0.34827276652886585,-0.2697013251136175,,0.6104018707443699,0.5829342322681937,0.6625115421052036,-0.9555952691432867,0.997385652898263,,,,0.1421484631187065,0.1421484631187063,0.7438073458502376,0.7565898635039746,0.7985652208284796,,,,0.47296009955631174,,-0.18490595577520164,-0.18490595577520155,,-0.6547483345252637,-0.5435491103886925,0.24312914975418007,-0.14214846311870663,0.5871098557030733,,0.7438073458502376,,,-0.04390210408395513,,,,,,-0.14697997006374167,0.1435845534608478,-0.6555748119853719,0.9958268818052337,-0.12021931249489905,0.7782484266023075,0.7706832971463943,0.6991920689617029,-0.650410674704034,-0.14214846311870669,-0.14214846311870658,-0.14214846311870655,-0.6528611239081339,,-0.13414905215759182,0.7855673746866325,0.6022320189395081,-0.04390210408395513,0.1373098423517844,,,,,,0.19801952936054693,,,,,,,,,,-0.6252214002298273,0.12946470449769015,,,,,-0.21575428921778383,0.9905809466081459,0.7706832971463944,
,,,,,,,,,,,,,,,,,,,,,,,,,,,,,,,,,,,,,,,,,,,,,,,,,,,,,,,,,,,,,,,,,,,,,,,,,,,,,,,,,,,,,,,,,,,,,,,,,,,,,,,,,,,,,,,,,,,,,,,,,,,,,,,,,,,,,,,,,,,,,,,,,,,,,,,,,,,,,,,,,,,,,,,,,,,,,,,,,,,,,,,
,,,,,,,,,,,,,,,,,,,,,,,,,,,,,,,,,,,,,,,,,,,,,,,,,,,,,,,,,,,,,,,,,,,,,,,,,,,,,,,,,,,,,,,,,,,,,,,,,,,,,,,,,,,,,,,,,,,,,,,,,,,,,,,,,,,,,,,,,,,,,,,,,,,,,,,,,,,,,,,,,,,,,,,,,,,,,,,,,,,,,,,
,,,,,,,,,,,,,,,,,,,,,,,,,,,,,,,,,,,,,,,,,,,,,,,,,,,,,,,,,,,,,,,,,,,,,,,,,,,,,,,,,,,,,,,,,,,,,,,,,,,,,,,,,,,,,,,,,,,,,,,,,,,,,,,,,,,,,,,,,,,,,,,,,,,,,,,,,,,,,,,,,,,,,,,,,,,,,,,,,,,,,,,
,,,,,,0.20922394989619686,0.20922394989619622,,0.2092239498961963,-0.20922394989619633,0.0915921406270874,,-0.9310843796874074,,0.9992311601966588,-0.6238518741148211,,,,,,,0.06171257464038213,,,0.9963903164570533,,,-0.06917270607059846,,,,,0.41711519993648527,,,,,,,,,,,,,,,,,,,,0.27858584119679475,,0.7390802876113737,-0.9927860809908226,-0.9927860809908224,-0.9927860809908224,,,,-0.9927860809908226,-0.9927860809908224,,,0.4892777110119531,-0.20922394989619647,-0.20922394989619655,0.2092239498961965,0.20922394989619653,0.2092239498961965,0.2092239498961963,,,0.20922394989619636,0.20922394989619625,0.20922394989619636,0.20922394989619642,0.2092239498961963,0.9985842085130738,0.9989546066518328,0.9992672034509212,0.9958763317012945,-0.6079134282262113,-0.6275559681972472,-0.6247468812125164,,,,1.0,0.9957324292710339,-0.9110663791803905,-0.9994364720644293,0.9992311601966588,-0.6238518741148209,1.0,0.999231160196659,-0.6238518741148221,0.11508513015023357,0.17762066143337185,0.49824604032132647,,-0.9267585680072086,-0.9388049764100661,-0.9938028973574192,0.7235179755739151,-0.6238518741148208,,,,-0.2092239498961962,-0.20922394989619683,0.9920528173176213,0.9942998359274168,0.9992002070016067,,,,0.8905434736063562,,0.27215738797198413,0.27215738797198424,,0.9992311601966593,0.8250784577522833,-0.0342364643725542,0.20922394989619642,-0.9180346286013585,,0.9920528173176213,,,0.06093918908888814,,,,,,0.21269166806493636,-0.23230505991218947,0.995102227885629,-0.6170824483515808,0.09159214062708873,0.9973342351434235,0.9963903164570547,0.9818834647032536,0.9916428344396221,0.20922394989619655,0.20922394989619642,0.20922394989619642,0.9968922814380763,,0.12823482157134033,-0.9623608476422166,-0.9310843796874078,0.06093918908888814,-0.13563380455887536,,,,,,0.6364729108210263,,,,,,,,,,0.9901234251309554,-0.1898356547937175,,,,,0.2390255494724071,0.8922325368543996,0.9963903164570548,
,,,,,,0.20988367967541544,0.20988367967541474,,0.20988367967541488,-0.2098836796754148,0.11298508998435904,,-0.925611471304062,,0.9984688492577484,-0.6909993950025946,,,,,,,0.0033162833143956863,,,0.9438724363723693,,,-0.07184030187150132,,,,,-0.2360085003714606,,,,,,,,,,,,,,,,,,,,0.06343297829928714,,-0.5049656229089956,-0.9982734441005858,-0.9982734441005858,-0.9982734441005858,,,,-0.9982734441005858,-0.9982734441005858,,,0.49082051276300714,-0.20988367967541507,-0.209883679675415,0.209883679675415,0.20988367967541496,0.20988367967541502,0.2098836796754149,,,0.20988367967541485,0.20988367967541496,0.20988367967541494,0.209883679675415,0.20988367967541513,0.9991689372997553,0.9989101969265544,0.996850206309334,0.9990165518948625,-0.6756511652280298,-0.693579229558614,-0.692492466856221,,,,0.9957324292710339,1.0,-0.9444985533340646,-0.9979052123528251,0.9984688492577481,-0.6909993950025947,0.9957324292710337,0.9984688492577483,-0.6909993950025953,0.13745674042474623,0.19448039516998375,0.4837351131783684,,-0.9225373199209063,-0.9305979529429618,-0.9938633186072164,0.7780521575738354,-0.6909993950025941,,,,-0.20988367967541474,-0.20988367967541532,0.9566659326159489,0.9508578491968592,0.9280598659154505,,,,0.9987184132441563,,0.2730155609180953,0.27301556091809526,,0.9984688492577483,0.824921531862949,-0.05933174306198637,0.20988367967541507,-0.9110932759208349,,0.9566659326159489,,,0.05590072647429369,,,,,,0.2142632246861287,-0.22909127479345748,0.9960151496943246,-0.6839955667384803,0.1129850899843603,0.9398548964425214,0.9438724363723654,0.9734410858203842,0.9909891934715037,0.20988367967541496,0.209883679675415,0.2098836796754149,0.9960742589823286,,0.1456818992693547,-0.9783119172333286,-0.9256114713040619,0.05590072647429369,-0.13678813100686768,,,,,,0.5666530400553804,,,,,,,,,,0.9886709744283588,-0.19051349323546907,,,,,0.23269594830349413,0.6292909444603207,0.9438724363723656,
,,,,,,-0.19670696295154805,-0.19670696295154763,,-0.1967069629515475,0.19670696295154752,-0.13917921287974727,,0.8555772387139259,,-0.9264988840060915,0.8899715627008522,,,,,,,0.15701502309082943,,,0.749729365243964,,,0.07529442094763776,,,,,0.6143269705671112,,,,,,,,,,,,,,,,,,,,0.18975226004117884,,0.9943658817624083,0.8953962403130074,0.895396240313007,0.8953962403130074,,,,0.8953962403130074,0.895396240313007,,,-0.46000628809845406,0.19670696295154766,0.19670696295154771,-0.19670696295154771,-0.19670696295154766,-0.19670696295154766,-0.19670696295154758,,,-0.1967069629515475,-0.19670696295154744,-0.19670696295154738,-0.19670696295154763,-0.1967069629515476,-0.9303331137550996,-0.9286036684079663,-0.92110527843448,-0.9362972488641034,0.8772618469219756,0.889586892444287,0.8898236614273177,,,,-0.9110663791803905,-0.9444985533340646,1.0,0.9212673639759024,-0.9264988840060916,0.8899715627008518,-0.9110663791803905,-0.9264988840060917,0.8899715627008528,-0.16537449512693495,-0.2682090852455053,-0.4149410548553858,,0.8574946076863509,0.8496915702669139,0.9264658450940573,-0.9257669332801628,0.8899715627008521,,,,0.19670696295154738,0.19670696295154771,0.7218618515710679,0.7351055438044845,0.7787356791349637,,,,0.4442953967854693,,-0.25587535872138834,-0.2558753587213884,,-0.9264988840060917,-0.7665865172584744,0.148514759746504,-0.19670696295154758,0.839146909694097,,0.7218618515710679,,,-0.04806881836118296,,,,,,-0.20223252821817803,0.20911299721923624,-0.9265619691218033,0.8842096491945597,-0.13917921287974794,0.7575892919964804,0.749729365243964,0.6757686855047536,-0.9198034372509515,-0.19670696295154758,-0.19670696295154766,-0.19670696295154763,-0.9241399354792509,,-0.15489956584670328,0.9727087692915994,0.8555772387139261,-0.04806881836118296,0.13763975268337292,,,,,,-0.26654834327022,,,,,,,,,,-0.9087594846876512,0.1787408883123492,,,,,-0.22208238133540004,0.9856490355158489,0.749729365243964,
,,,,,,-0.20974489394553628,-0.20974489394553564,,-0.2097448939455358,0.2097448939455357,-0.10635523900667385,,0.9273474245053098,,-0.9996370716525321,0.6428168742675142,,,,,,,-0.038767709117666846,,,-0.9976551706116117,,,0.07084214517469063,,,,,-0.40901076857848245,,,,,,,,,,,,,,,,,,,,-0.28705267479450525,,-0.737375487143857,0.9971158444337823,0.9971158444337824,0.9971158444337824,,,,0.9971158444337823,0.9971158444337824,,,-0.4904959573558949,0.2097448939455359,0.20974489394553586,-0.20974489394553586,-0.20974489394553594,-0.2097448939455358,-0.20974489394553567,,,-0.20974489394553586,-0.20974489394553567,-0.20974489394553572,-0.2097448939455358,-0.2097448939455359,-0.999710849707262,-0.9997450982720149,-0.9987828961818226,-0.9983559515016817,0.6271489562565981,0.6459468939090688,0.6446136488150971,,,,-0.9994364720644293,-0.9979052123528251,0.9212673639759024,1.0,-0.9996370716525317,0.642816874267514,-0.9994364720644292,-0.9996370716525321,0.6428168742675151,-0.13016873357190206,-0.17742835654844671,-0.4909820305228452,,0.9233303556200071,0.9344099613167236,0.9941910861643957,-0.738829701020406,0.642816874267514,,,,0.20974489394553558,0.20974489394553625,-0.9939935255311215,-0.9959234575913603,-0.9997238988834497,,,,-0.8979268348431675,,-0.27283502918761987,-0.27283502918761987,,-0.999637071652532,-0.8256650418904805,0.04099659038260098,-0.2097448939455358,0.9133948677371907,,-0.9939935255311215,,,-0.057876114066168896,,,,,,-0.2138417175342899,0.23004172046255017,-0.9967197115817064,0.635659702429381,-0.10635523900667526,-0.9984022892330933,-0.9976551706116105,-0.9848758300468233,-0.9921004035022514,-0.20974489394553594,-0.2097448939455359,-0.2097448939455358,-0.9972666507789019,,-0.14196928459176833,0.9666733678128554,0.92734742450531,-0.057876114066168896,0.1363853764260008,,,,,,-0.6183709119553069,,,,,,,,,,-0.991530695473579,0.19035048794670262,,,,,-0.23516646208964637,-0.8846613627379564,-0.9976551706116105,
,,,,,,0.20961339660250852,0.20961339660250775,,0.20961339660250794,-0.2096133966025077,0.09511860415856818,,-0.9314437483228457,,1.0,-0.6540131725081321,,,,,,,0.03996395336519797,,,0.9997391597666705,,,-0.0698144349374604,,,,,0.2713127345451911,,,,,,,,,,,,,,,,,,,,0.2614619839197216,,0.4142530150685223,-0.996020632320602,-0.9960206323206021,-0.9960206323206019,,,,-0.996020632320602,-0.9960206323206021,,,0.49018844610284307,-0.20961339660250783,-0.209613396602508,0.20961339660250797,0.20961339660250797,0.20961339660250783,0.20961339660250797,,,0.2096133966025078,0.20961339660250783,0.20961339660250786,0.20961339660250777,0.20961339660250786,0.9997255689659718,0.9999218260967888,0.999579971577108,0.9977300427963526,-0.6382259009197007,-0.6573972828381507,-0.654748334525264,,,,0.9992311601966588,0.9984688492577481,-0.9264988840060916,-0.9996370716525317,1.0,-0.6540131725081321,0.999231160196659,1.0,-0.6540131725081333,0.11904693371167814,0.188717218270234,0.49492051975592133,,-0.9276757169030732,-0.9379327113035583,-0.9950731933128665,0.7483629521926795,-0.6540131725081321,,,,-0.2096133966025077,-0.2096133966025082,0.9998321341240012,0.9999994897910106,0.9977000363769689,,,,0.9343290037544554,,0.27266397815153387,0.27266397815153387,,1.0,0.8258450558236142,-0.045417557577124006,0.209613396602508,-0.918054491728955,,0.9998321341240012,,,0.05974629057047625,,,,,,0.21323082922293274,-0.23209276809298363,0.9960899149765251,-0.6473515309183199,0.09511860415856949,0.9993945513691994,0.9997391597666694,0.996573611662078,0.992434522435611,0.20961339660250794,0.20961339660250788,0.2096133966025079,0.997643289723048,,0.13055888642567925,-0.9708474258660553,-0.931443748322846,0.05974629057047625,-0.13593602775392732,,,,,,0.6059767836195633,,,,,,,,,,0.9897635984847154,-0.19021110854281945,,,,,0.23760265439518274,0.8384494941623037,0.9997391597666694,
,,,,,,-0.14149478261642037,-0.1414947826164198,,-0.14149478261641982,0.14149478261641985,-0.12884164602404927,,0.6022926705054804,,-0.6540131725081324,1.0,,,,,,,0.31833053545051526,,,0.7706832971463944,,,0.07674985309402724,,,,,0.6057406236044361,,,,,,,,,,,,,,,,,,,,0.18489804232938356,,0.9979251096705807,0.566393860323831,0.566393860323831,0.566393860323831,,,,0.566393860323831,0.566393860323831,,,-0.3308906241041871,0.14149478261642004,0.14149478261641993,-0.14149478261641993,-0.1414947826164199,-0.14149478261641993,-0.14149478261641985,,,-0.1414947826164198,-0.14149478261641985,-0.1414947826164199,-0.1414947826164199,-0.14149478261641996,-0.6610256316077594,-0.6577909851077498,-0.6449446942300108,-0.6734951000438683,0.9928260616043368,0.9959888914358415,0.9973856528982629,,,,-0.6238518741148209,-0.6909993950025947,0.8899715627008518,0.642816874267514,-0.6540131725081321,1.0,-0.6238518741148209,-0.6540131725081324,1.0,-0.15253609697326925,-0.3347344904687111,-0.2521757600341464,,0.6106467219954752,0.5826756252626124,0.6605397737700263,-0.9577267053205605,1.0,,,,0.14149478261641965,0.14149478261641973,0.7438073458502376,0.7565898635039745,0.7985652208284795,,,,0.47296009955631174,,-0.1840556516959658,-0.18405565169596583,,-0.6540131725081321,-0.5426538677516584,0.2447716142726071,-0.14149478261641993,0.5871837142092241,,0.7438073458502376,,,-0.04312101422157741,,,,,,-0.14669574072597547,0.1442524278893555,-0.655736638733638,0.9978217434678522,-0.1288416460240495,0.7782484266023074,0.7706832971463943,0.6991920689617029,-0.649618344902105,-0.14149478261641996,-0.14149478261641987,-0.14149478261641993,-0.6521627514458389,,-0.1282937511060227,0.7842949745599836,0.6022926705054804,-0.04312101422157741,0.13717230236376224,,,,,,0.20110243919474277,,,,,,,,,,-0.6256924152769536,0.1288232651109651,,,,,-0.21449550649516538,0.9905809466081459,0.7706832971463944,
,,,,,,0.20922394989619694,0.20922394989619625,,0.2092239498961963,-0.2092239498961964,0.09159214062708741,,-0.9310843796874074,,0.9992311601966588,-0.623851874114821,,,,,,,0.06171257464038211,,,0.9963903164570543,,,-0.0691727060705983,,,,,0.4171151999364849,,,,,,,,,,,,,,,,,,,,0.27858584119679375,,0.7390802876113732,-0.9927860809908226,-0.9927860809908224,-0.9927860809908224,,,,-0.9927860809908226,-0.9927860809908224,,,0.4892777110119527,-0.2092239498961966,-0.20922394989619658,0.2092239498961966,0.20922394989619655,0.20922394989619644,0.2092239498961964,,,0.2092239498961964,0.20922394989619636,0.20922394989619644,0.20922394989619647,0.20922394989619647,0.9985842085130738,0.9989546066518326,0.9992672034509213,0.9958763317012943,-0.6079134282262114,-0.6275559681972471,-0.6247468812125163,,,,1.0,0.9957324292710337,-0.9110663791803905,-0.9994364720644292,0.999231160196659,-0.6238518741148209,1.0,0.999231160196659,-0.6238518741148218,0.11508513015023358,0.17762066143337177,0.49824604032132636,,-0.9267585680072085,-0.9388049764100661,-0.9938028973574194,0.7235179755739151,-0.6238518741148207,,,,-0.20922394989619614,-0.20922394989619683,0.9920528173176202,0.9942998359274156,0.9992002070016055,,,,0.8905434736063551,,0.27215738797198413,0.27215738797198424,,0.9992311601966593,0.8250784577522832,-0.034236464372554135,0.20922394989619653,-0.9180346286013582,,0.9920528173176202,,,0.0609391890888883,,,,,,0.2126916680649364,-0.23230505991218947,0.9951022278856291,-0.6170824483515807,0.09159214062708872,0.9973342351434223,0.9963903164570534,0.9818834647032525,0.9916428344396221,0.2092239498961965,0.2092239498961964,0.20922394989619647,0.9968922814380763,,0.12823482157134022,-0.9623608476422164,-0.9310843796874078,0.0609391890888883,-0.13563380455887522,,,,,,0.6364729108210263,,,,,,,,,,0.9901234251309554,-0.18983565479371753,,,,,0.23902554947240734,0.8922325368543986,0.9963903164570534,
,,,,,,0.2096133966025084,0.20961339660250766,,0.20961339660250786,-0.2096133966025078,0.09511860415856827,,-0.9314437483228464,,1.0,-0.6540131725081324,,,,,,,0.03996395336519797,,,0.9997391597666709,,,-0.06981443493746056,,,,,0.271312734545191,,,,,,,,,,,,,,,,,,,,0.26146198391972175,,0.4142530150685221,-0.996020632320602,-0.9960206323206018,-0.9960206323206018,,,,-0.996020632320602,-0.9960206323206018,,,0.4901884461028432,-0.20961339660250797,-0.20961339660250805,0.20961339660250805,0.20961339660250808,0.20961339660250788,0.2096133966025079,,,0.2096133966025079,0.20961339660250775,0.2096133966025077,0.20961339660250786,0.20961339660250794,0.999725568965972,0.999921826096789,0.9995799715771084,0.997730042796353,-0.6382259009197008,-0.6573972828381508,-0.6547483345252643,,,,0.999231160196659,0.9984688492577483,-0.9264988840060917,-0.9996370716525321,1.0,-0.6540131725081324,0.999231160196659,1.0,-0.6540131725081333,0.11904693371167818,0.18871721827023408,0.4949205197559214,,-0.927675716903073,-0.9379327113035585,-0.9950731933128667,0.74836295219268,-0.6540131725081323,,,,-0.2096133966025076,-0.20961339660250825,0.9998321341240008,0.9999994897910104,0.9977000363769688,,,,0.9343290037544549,,0.2726639781515339,0.2726639781515337,,1.0,0.8258450558236149,-0.045417557577124075,0.20961339660250808,-0.9180544917289548,,0.9998321341240008,,,0.05974629057047613,,,,,,0.21323082922293277,-0.2320927680929837,0.9960899149765255,-0.6473515309183198,0.09511860415856958,0.9993945513691992,0.9997391597666693,0.996573611662078,0.9924345224356109,0.20961339660250797,0.209613396602508,0.2096133966025079,0.9976432897230483,,0.13055888642567937,-0.9708474258660559,-0.9314437483228463,0.05974629057047613,-0.13593602775392738,,,,,,0.6059767836195634,,,,,,,,,,0.9897635984847156,-0.19021110854281936,,,,,0.23760265439518258,0.8384494941623034,0.9997391597666693,
,,,,,,-0.14149478261642015,-0.14149478261641957,,-0.14149478261641962,0.14149478261641968,-0.12884164602404918,,0.6022926705054812,,-0.6540131725081332,1.0,,,,,,,0.31833053545051554,,,0.7706832971463955,,,0.07674985309402628,,,,,0.6057406236044365,,,,,,,,,,,,,,,,,,,,0.18489804232938378,,0.997925109670581,0.5663938603238308,0.5663938603238309,0.5663938603238307,,,,0.5663938603238308,0.5663938603238309,,,-0.33089062410418807,0.1414947826164197,0.1414947826164197,-0.14149478261641965,-0.14149478261641965,-0.14149478261641965,-0.14149478261641965,,,-0.14149478261641962,-0.14149478261641954,-0.14149478261641965,-0.1414947826164196,-0.14149478261641968,-0.6610256316077601,-0.6577909851077505,-0.6449446942300118,-0.6734951000438689,0.9928260616043373,0.9959888914358418,0.997385652898263,,,,-0.6238518741148221,-0.6909993950025953,0.8899715627008528,0.6428168742675151,-0.6540131725081333,1.0,-0.6238518741148218,-0.6540131725081333,1.0,-0.15253609697326953,-0.33473449046871095,-0.2521757600341466,,0.610646721995476,0.5826756252626129,0.6605397737700271,-0.957726705320561,1.0,,,,0.14149478261641957,0.14149478261641946,0.7438073458502366,0.7565898635039736,0.7985652208284785,,,,0.4729600995563112,,-0.18405565169596552,-0.18405565169596544,,-0.6540131725081328,-0.5426538677516588,0.2447716142726073,-0.14149478261641965,0.5871837142092251,,0.7438073458502366,,,-0.04312101422157824,,,,,,-0.14669574072597522,0.144252427889356,-0.6557366387336387,0.9978217434678524,-0.12884164602404974,0.7782484266023064,0.7706832971463933,0.6991920689617019,-0.6496183449021059,-0.14149478261641965,-0.1414947826164196,-0.14149478261641965,-0.6521627514458396,,-0.12829375110602306,0.7842949745599846,0.6022926705054811,-0.04312101422157824,0.13717230236376143,,,,,,0.20110243919474177,,,,,,,,,,-0.625692415276954,0.12882326511096479,,,,,-0.2144955064951662,0.9905809466081447,0.7706832971463933,
,,,,,,0.03327783667178703,0.03327783667178689,,0.033277836671786895,-0.03327783667178703,0.9994884742919767,,-0.008699681725019249,,0.11904693371167821,-0.15253609697326917,,,,,,,-0.22553218328110367,,,-0.9994891445061079,,,-0.05345406908472856,,,,,-0.042081022790399256,,,,,,,,,,,,,,,,,,,,-0.5947003284928135,,-0.08237054762417713,-0.12013048293225162,-0.12013048293225155,-0.12013048293225158,,,,-0.12013048293225162,-0.12013048293225155,,,0.07782141462428313,-0.033277836671786895,-0.033277836671786944,0.03327783667178693,0.0332778366717869,0.033277836671786944,0.03327783667178688,,,0.03327783667178685,0.03327783667178688,0.03327783667178689,0.033277836671786895,0.0332778366717869,0.1323936096520996,0.1261384659406722,0.10287847228981063,0.15839778346645836,-0.1693091202393856,-0.14012696990012116,-0.1443112222781199,,,,0.11508513015023357,0.13745674042474623,-0.16537449512693495,-0.13016873357190206,0.11904693371167814,-0.15253609697326925,0.11508513015023358,0.11904693371167818,-0.15253609697326953,1.0,-0.812939091810318,-0.6410824623921184,,-0.016190384474742126,0.006762725080078486,-0.11060745449469153,0.16822818202443587,-0.1525360969732692,,,,-0.033277836671787006,-0.033277836671788734,-0.9973272195258811,-0.9985533312457479,-0.999915118929193,,,,-0.9134022491302415,,0.04328763083980219,0.043287630839802374,,0.1190469337116783,0.10311485056872642,-0.025882236627268178,0.033277836671787006,0.03233784093660409,,-0.9973272195258811,,,-0.1382949991870082,,,,,,0.07587361968684574,0.028468573948441076,0.20614885696544064,-0.09529252056650009,0.9994884742919772,-0.9997998728130433,-0.9994891445061075,-0.9905464629797754,0.11919148688011615,0.03327783667178702,0.033277836671787006,0.03327783667178696,0.11818225562752149,,0.3353643703340594,-0.11594907279471141,-0.008699681725019372,-0.1382949991870082,-0.0013792529308472587,,,,,,0.0870777963420406,,,,,,,,,,0.25303150279230835,-0.031001756123310846,,,,,-0.21031096076324335,-0.8670439684656904,-0.9994891445061074,
,,,,,,0.03664869666811011,0.036648696668110034,,0.03664869666811005,-0.03664869666810994,-0.8283365208973159,,-0.21219238767506757,,0.18871721827023394,-0.3347344904687112,,,,,,,0.0025480911833925812,,,0.936805939277761,,,-0.009078097146212546,,,,,-0.24737351109493916,,,,,,,,,,,,,,,,,,,,0.457273329243464,,-0.28940249219414793,-0.13245323570650455,-0.1324532357065045,-0.13245323570650447,,,,-0.13245323570650455,-0.1324532357065045,,,0.08570429162742003,-0.0366486966681101,-0.03664869666811005,0.03664869666811008,0.036648696668110096,0.03664869666811003,0.036648696668110055,,,0.036648696668110034,0.03664869666811005,0.03664869666811007,0.03664869666811005,0.036648696668110034,0.18410849260614714,0.1862966942180243,0.19398971088452163,0.1744425990312234,-0.2987034147374173,-0.35517320579541856,-0.34827276652886585,,,,0.17762066143337185,0.19448039516998375,-0.2682090852455053,-0.17742835654844671,0.188717218270234,-0.3347344904687111,0.17762066143337177,0.18871721827023408,-0.33473449046871095,-0.812939091810318,1.0,0.838911572168457,,-0.20925370779136443,-0.21732664182337166,-0.19072327218800728,0.2549942334261954,-0.33473449046871107,,,,-0.03664869666810993,-0.03664869666810828,0.9216151943040165,0.9289458784606102,0.951593942469385,,,,0.7353076740520177,,0.047672427380894895,0.047672427380894736,,0.18871721827023402,0.15417355776899053,-0.09242764390737156,0.036648696668110055,-0.23822953386778573,,0.9216151943040165,,,0.11146634230841869,,,,,,0.001211260249308374,-0.06373408271934791,0.111405211188175,-0.39307418156167223,-0.8283365208973159,0.9409226603311022,0.9368059392777611,0.8946914486470515,0.18692422001297632,0.03664869666811004,0.03664869666811003,0.03664869666811007,0.18847659644845102,,-0.0892819871818483,-0.2428217330009963,-0.21219238767506768,0.11146634230841869,-0.07461584066088792,,,,,,-0.19066795379250687,,,,,,,,,,0.05484312962703047,-0.032975372995547945,,,,,0.2479505123727309,0.9808313552677461,0.936805939277761,
,,,,,,0.10000000000000009,0.09999999999999991,,0.09999999999999999,-0.0999999999999999,-0.6624366116196592,,-0.5079617235906261,,0.4949205197559214,-0.25217576003414643,,,,,,,0.16647063845606277,,,0.7706832971463943,,,-0.019364977945554335,,,,,-0.1546720562224365,,,,,,,,,,,,,,,,,,,,0.4594023752094291,,0.11500457495459586,-0.3779644730092272,-0.3779644730092272,-0.3779644730092272,,,,-0.3779644730092272,-0.3779644730092272,,,0.2338535866733713,-0.10000000000000014,-0.10000000000000006,0.10000000000000007,0.10000000000000006,0.09999999999999998,0.10000000000000003,,,0.10000000000000005,0.09999999999999999,0.09999999999999998,0.09999999999999999,0.10000000000000002,0.4887593075453801,0.49168340418937445,0.5019755694201781,0.47598581911649424,-0.20862693286539988,-0.27672698187293976,-0.2697013251136175,,,,0.49824604032132647,0.4837351131783684,-0.4149410548553858,-0.4909820305228452,0.49492051975592133,-0.2521757600341464,0.49824604032132636,0.4949205197559214,-0.2521757600341466,-0.6410824623921184,0.838911572168457,1.0,,-0.503134511094121,-0.5163536034444614,-0.4961058061721443,0.24440640519815796,-0.2521757600341463,,,,-0.09999999999999978,-0.09999999999999903,0.7438073458502376,0.7565898635039746,0.7985652208284796,,,,0.47296009955631174,,0.1300794617953688,0.1300794617953686,,0.4949205197559213,0.40656963552324427,0.0012702597026906567,0.10000000000000002,-0.5268788898373296,,0.7438073458502376,,,0.07845254709495358,,,,,,0.07151060692360962,-0.140571478242177,0.42919768200033476,-0.29956876852657627,-0.6624366116196582,0.7782484266023075,0.7706832971463943,0.6991920689617029,0.4907063506529635,0.10000000000000007,0.10000000000000002,0.09999999999999996,0.4940167201876207,,-0.08371980717054042,-0.48200097267324854,-0.5079617235906262,0.07845254709495358,-0.07033319914792362,,,,,,0.30531940983407424,,,,,,,,,,0.3922357355555675,-0.09038225896103462,,,,,0.18967799210016675,0.9905809466081459,0.7706832971463944,
,,,,,,,,,,,,,,,,,,,,,,,,,,,,,,,,,,,,,,,,,,,,,,,,,,,,,,,,,,,,,,,,,,,,,,,,,,,,,,,,,,,,,,,,,,,,,,,,,,,,,,,,,,,,,,,,,,,,,,,,,,,,,,,,,,,,,,,,,,,,,,,,,,,,,,,,,,,,,,,,,,,,,,,,,,,,,,,,,,,,,,,
,,,,,,-0.19213120609213932,-0.1921312060921386,,-0.19213120609213868,0.19213120609213882,0.004958987802793422,,0.9996994407857048,,-0.927675716903073,0.6106467219954755,,,,,,,-0.043594389380059266,,,0.9878287352876262,,,0.07811876501162575,,,,,0.5519720681821033,,,,,,,,,,,,,,,,,,,,0.35347676710767195,,-0.049950001737777514,0.8626049982764098,0.8626049982764097,0.86260499827641,,,,0.8626049982764098,0.8626049982764097,,,-0.44930571656527357,0.19213120609213888,0.1921312060921389,-0.19213120609213905,-0.19213120609213902,-0.19213120609213896,-0.19213120609213882,,,-0.19213120609213877,-0.19213120609213882,-0.19213120609213885,-0.1921312060921389,-0.19213120609213885,-0.9237328263022798,-0.9256487189278886,-0.9317023182404585,-0.914517295096067,0.626707957613729,0.5916137379158171,0.6104018707443699,,,,-0.9267585680072086,-0.9225373199209063,0.8574946076863509,0.9233303556200071,-0.9276757169030732,0.6106467219954752,-0.9267585680072085,-0.927675716903073,0.610646721995476,-0.016190384474742126,-0.20925370779136443,-0.503134511094121,,1.0,0.9967909741749995,0.957804491277772,-0.7615733487684306,0.6106467219954752,,,,0.1921312060921386,0.19213120609213963,0.980590850536535,0.9841979649415448,0.99382535039782,,,,0.8559323932979029,,-0.24992323882560477,-0.24992323882560466,,-0.9276757169030727,-0.7647772558259718,0.04591541206351136,-0.19213120609213896,0.9984081068710905,,0.980590850536535,,,-0.04288941495052899,,,,,,-0.19151347770571625,0.2812259814495292,-0.9163253508050859,0.6096594115214099,0.004958987802792239,0.9896182046409936,0.9878287352876265,0.9659190455096717,-0.920365839628199,-0.19213120609213885,-0.19213120609213885,-0.19213120609213882,-0.9256523989577511,,0.24629349937150982,0.9484933363913264,0.999699440785705,-0.04288941495052899,0.13875665228245565,,,,,,-0.5461120904398789,,,,,,,,,,-0.9054253917756565,0.17412277304902787,,,,,-0.21489446697501063,0.9220920374653392,0.9878287352876264,
,,,,,,-0.1940778195957384,-0.1940778195957377,,-0.19407781959573783,0.19407781959573772,0.027562200066678914,,0.9984524888820372,,-0.9379327113035584,0.5826756252626122,,,,,,,-0.08187383754279183,,,0.97689947636712,,,0.07531479993842322,,,,,0.483819525999421,,,,,,,,,,,,,,,,,,,,0.2886952585566303,,-0.17108820932416363,0.876389810139021,0.8763898101390208,0.8763898101390211,,,,0.876389810139021,0.8763898101390208,,,-0.45385794206210844,0.19407781959573786,0.194077819595738,-0.19407781959573803,-0.19407781959573803,-0.19407781959573792,-0.19407781959573775,,,-0.19407781959573775,-0.19407781959573775,-0.19407781959573778,-0.19407781959573783,-0.19407781959573778,-0.933674952586274,-0.9357407934695748,-0.9423150539075463,-0.9237828993262053,0.5958202832007928,0.5658978193979904,0.5829342322681937,,,,-0.9388049764100661,-0.9305979529429618,0.8496915702669139,0.9344099613167236,-0.9379327113035583,0.5826756252626124,-0.9388049764100661,-0.9379327113035585,0.5826756252626129,0.006762725080078486,-0.21732664182337166,-0.5163536034444614,,0.9967909741749995,1.0,0.9643283552369558,-0.7361297100809466,0.5826756252626121,,,,0.19407781959573758,0.19407781959573844,0.9672776755114445,0.9720018729413024,0.9855229015468762,,,,0.8238502299322743,,-0.2524553831943223,-0.2524553831943223,,-0.9379327113035586,-0.7731306471200746,0.03328592818567679,-0.1940778195957378,0.9976537668271983,,0.9672776755114445,,,-0.04901437791545542,,,,,,-0.1924910926285071,0.278736663809295,-0.9244904300656912,0.5824128528361514,0.02756220006667763,0.9793851662689239,0.97689947636712,0.9489184182071454,-0.9305196963977853,-0.1940778195957379,-0.1940778195957379,-0.19407781959573783,-0.9358994930411304,,0.21684676034092046,0.9427342807901299,0.9984524888820373,-0.04901437791545542,0.13803808988555102,,,,,,-0.5870350715489717,,,,,,,,,,-0.9140869757617999,0.1758695539044953,,,,,-0.22345143218654076,0.9433655636101619,0.9768994763671202,
,,,,,,-0.20842648101755157,-0.20842648101755093,,-0.20842648101755085,0.2084264810175508,-0.08692935658730229,,0.9604392475902557,,-0.9950731933128668,0.6605397737700264,,,,,,,-0.022532423028877563,,,0.9795369187719585,,,0.0745523231771934,,,,,0.5006071523748865,,,,,,,,,,,,,,,,,,,,0.31010233212214244,,-0.1158027380586227,0.9862045678351083,0.9862045678351082,0.9862045678351083,,,,0.9862045678351083,0.9862045678351082,,,-0.48741280143663696,0.20842648101755099,0.20842648101755118,-0.2084264810175511,-0.2084264810175511,-0.20842648101755093,-0.20842648101755096,,,-0.20842648101755093,-0.20842648101755082,-0.20842648101755096,-0.20842648101755093,-0.20842648101755093,-0.994596195759489,-0.9948911475360505,-0.9948603716954127,-0.992080492927075,0.6542446520066059,0.6566725913245715,0.6625115421052036,,,,-0.9938028973574192,-0.9938633186072164,0.9264658450940573,0.9941910861643957,-0.9950731933128665,0.6605397737700263,-0.9938028973574194,-0.9950731933128667,0.6605397737700271,-0.11060745449469153,-0.19072327218800728,-0.4961058061721443,,0.957804491277772,0.9643283552369558,1.0,-0.7711879427401943,0.6605397737700264,,,,0.2084264810175508,0.2084264810175515,0.970424605528791,0.9749101250205534,0.9875983607312855,,,,0.8309884511374042,,-0.2711200447466565,-0.2711200447466566,,-0.9950731933128664,-0.8216873535883733,0.049082079326137694,-0.20842648101755107,0.9492743519755271,,0.970424605528791,,,-0.0506210404845575,,,,,,-0.21169683983682888,0.2468614750308549,-0.9905685707383732,0.654829383029192,-0.08692935658730366,0.9818737174482872,0.9795369187719583,0.9528523989456554,-0.9875256284793302,-0.2084264810175511,-0.20842648101755096,-0.20842648101755099,-0.992738914103674,,-0.042205824068389575,0.9805249832270249,0.960439247590256,-0.0506210404845575,0.13780407335961484,,,,,,-0.5910409832331887,,,,,,,,,,-0.9833543544659287,0.18911915999003331,,,,,-0.22562828421262135,0.9390723583567206,0.9795369187719581,
,,,,,,0.16021582365815326,0.16021582365815273,,0.16021582365815273,-0.1602158236581527,0.14677244066188425,,-0.7540715501197219,,0.7483629521926799,-0.9577267053205605,,,,,,,-0.29147923795064556,,,-0.7061054561417799,,,-0.07602429450103901,,,,,-0.685849235622092,,,,,,,,,,,,,,,,,,,,-0.3623505033620397,,-0.9245584542682251,-0.664518773819645,-0.6645187738196451,-0.664518773819645,,,,-0.664518773819645,-0.6645187738196451,,,0.37467045004287397,-0.1602158236581529,-0.16021582365815293,0.16021582365815287,0.16021582365815287,0.16021582365815287,0.16021582365815282,,,0.1602158236581528,0.1602158236581528,0.16021582365815276,0.16021582365815284,0.1602158236581529,0.7537546333006944,0.7512960329863442,0.7410840192003332,0.7626046005934967,-0.9765091509740891,-0.9348793870277116,-0.9555952691432867,,,,0.7235179755739151,0.7780521575738354,-0.9257669332801628,-0.738829701020406,0.7483629521926795,-0.9577267053205605,0.7235179755739151,0.74836295219268,-0.957726705320561,0.16822818202443587,0.2549942334261954,0.24440640519815796,,-0.7615733487684306,-0.7361297100809466,-0.7711879427401943,1.0,-0.9577267053205611,,,,-0.16021582365815262,-0.16021582365815293,-0.676366982973104,-0.6904799939308142,-0.737241279119612,,,,-0.38639303209667686,,0.20840788112554212,0.20840788112554215,,0.7483629521926799,0.6199631985187093,-0.21022983030498849,0.16021582365815287,-0.7419190820181206,,-0.676366982973104,,,0.03633881016641775,,,,,,0.16614264656580244,-0.1971705011090506,0.7512252421089004,-0.9539543701655713,0.14677244066188458,-0.7145229282249689,-0.7061054561417798,-0.6274991296474022,0.7431217351987073,0.16021582365815304,0.16021582365815296,0.1602158236581528,0.7463642741043365,,-0.029716871334756773,-0.8684765344783474,-0.7540715501197219,0.03633881016641775,-0.1327491634938392,,,,,,-0.03554884095695196,,,,,,,,,,0.7263645849976563,-0.1457094292566593,,,,,0.2007172060702351,-0.9729111647343537,-0.7061054561417798,
,,,,,,-0.1414947826164204,-0.14149478261641993,,-0.14149478261641996,0.14149478261642,-0.12884164602404924,,0.6022926705054804,,-0.6540131725081324,1.0,,,,,,,0.3183305354505153,,,0.7706832971463943,,,0.07674985309402735,,,,,0.6057406236044363,,,,,,,,,,,,,,,,,,,,0.18489804232938356,,0.9979251096705808,0.566393860323831,0.5663938603238312,0.5663938603238309,,,,0.566393860323831,0.5663938603238312,,,-0.330890624104187,0.14149478261642,0.14149478261642007,-0.1414947826164201,-0.14149478261642007,-0.14149478261642,-0.14149478261642,,,-0.14149478261641993,-0.14149478261641998,-0.14149478261641998,-0.14149478261642004,-0.14149478261642004,-0.6610256316077596,-0.6577909851077498,-0.6449446942300104,-0.6734951000438683,0.9928260616043365,0.9959888914358415,0.997385652898263,,,,-0.6238518741148208,-0.6909993950025941,0.8899715627008521,0.642816874267514,-0.6540131725081321,1.0,-0.6238518741148207,-0.6540131725081323,1.0,-0.1525360969732692,-0.33473449046871107,-0.2521757600341463,,0.6106467219954752,0.5826756252626121,0.6605397737700264,-0.9577267053205611,1.0,,,,0.14149478261641985,0.14149478261641987,0.7438073458502376,0.7565898635039745,0.7985652208284795,,,,0.47296009955631174,,-0.1840556516959659,-0.18405565169596594,,-0.654013172508132,-0.5426538677516586,0.24477161427260696,-0.14149478261641998,0.5871837142092242,,0.7438073458502376,,,-0.043121014221577325,,,,,,-0.14669574072597552,0.14425242788935536,-0.6557366387336375,0.9978217434678528,-0.12884164602404957,0.7782484266023075,0.7706832971463943,0.699192068961703,-0.6496183449021046,-0.14149478261642,-0.14149478261641996,-0.14149478261641993,-0.6521627514458385,,-0.12829375110602265,0.7842949745599841,0.6022926705054806,-0.043121014221577325,0.13717230236376235,,,,,,0.2011024391947429,,,,,,,,,,-0.6256924152769534,0.12882326511096517,,,,,-0.2144955064951653,0.990580946608146,0.7706832971463943,
,,,,,,-0.35673647094941313,-0.3567364709494132,,-0.3567364709494133,0.3567364709494134,,,,,,,,,,,,,0.31591286939080165,-0.26658810203628813,0.43146755386336216,,0.8957574974673699,0.5892741045913913,0.37107276551793195,0.4612141156977838,0.691947511769038,0.47451694691533425,0.56624715253958,,,,,,,,,,,,,,,,,0.6467941893209589,0.5637866165239355,0.44303409238727387,0.9937212071181636,,,,,,,,,,,,,,0.3567364709494131,0.356736470949413,0.3567364709494132,-0.356736470949413,-0.3567364709494132,-0.35673647094941324,-0.35673647094941313,,,-0.35673647094941313,-0.3567364709494131,-0.3567364709494131,-0.3567364709494131,-0.35673647094941313,,,,,,,,,,,,,,,,,,,,,,,,,,,,,1.0,0.9987208604166434,0.9732051313367924,0.356736470949413,0.35673647094941324,,,,0.5802221399864341,0.5521368656883056,0.25557457390609706,,,-0.2597849559730755,-0.25978495597307577,,,-0.3567364709494129,-0.3567364709494128,-0.356736470949413,,,,0.9059112840526717,0.6137075108763476,0.4086062044135726,,0.45990707712011214,,,,-0.35673647094941285,-0.356736470949413,,,,,,,-0.35673647094941324,-0.3567364709494129,-0.35673647094941285,-0.3567364709494128,0.3567364709494121,,,,,0.4086062044135726,0.34480422700657204,0.9059112840526717,0.6137075108763476,-0.232612431051403,0.3142386412263645,0.30269705103701233,,,,,0.45990707712011214,0.4225778287951685,,,,,,0.3567364709494129,0.9937212071181634,0.9937212071181634,0.9937212071181633,0.5662471525395808,0.3710727655179318,,,
,,,,,,-0.37129563745335975,-0.37129563745335975,,-0.37129563745335986,0.37129563745336014,,,,,,,,,,,,,0.3066003114593684,-0.2820796726422853,0.4423826242354495,,0.8896579387118759,0.6082649004663604,0.3833779158792793,0.44604325063145983,0.7224317278102185,0.46949866821833175,0.5555123031325474,,,,,,,,,,,,,,,,,0.6231590951483701,0.5382030193387267,0.4237096198815867,0.9981066258370495,,,,,,,,,,,,,,0.3712956374533596,0.3712956374533596,0.3712956374533598,-0.3712956374533596,-0.37129563745335975,-0.37129563745335975,-0.37129563745335986,,,-0.37129563745335986,-0.3712956374533598,-0.37129563745335986,-0.37129563745335964,-0.3712956374533597,,,,,,,,,,,,,,,,,,,,,,,,,,,,,0.9987208604166434,1.0,0.9835690186686328,0.3712956374533599,0.3712956374533601,,,,0.5694709494015441,0.5414092601210778,0.24066361620122798,,,-0.28823911106502353,-0.2882391110650237,,,-0.37129563745335975,-0.3712956374533597,-0.3712956374533599,,,,0.896024120774111,0.6306968389294426,0.42096187557184606,,0.44050370194756705,,,,-0.3712956374533598,-0.3712956374533599,,,,,,,-0.3712956374533601,-0.37129563745335975,-0.3712956374533598,-0.3712956374533598,0.371295637453359,,,,,0.42096187557184606,0.3552738573713093,0.896024120774111,0.6306968389294426,-0.2538435524011386,0.3332121711280651,0.322057719746332,,,,,0.44050370194756705,0.40335405592317647,,,,,,0.3712956374533598,0.9981066258370497,0.9981066258370491,0.998106625837049,0.555512303132548,0.38337791587927944,,,
,,,,,,-0.41668531918953355,-0.41668531918953344,,-0.4166853191895336,0.41668531918953366,,,,,,,,,,,,,0.2714833521289601,-0.3336213940806364,0.47190966483374464,,0.8488527116063987,0.6638522992537139,0.41902324101256977,0.3896049440529765,0.8268275765989783,0.449671047114863,0.5004086811424749,,,,,,,,,,,,,,,,,0.5192458024081502,0.4295419242441966,0.34362578791020565,0.9928014011103978,,,,,,,,,,,,,,0.4166853191895335,0.41668531918953344,0.41668531918953366,-0.41668531918953344,-0.41668531918953366,-0.41668531918953366,-0.4166853191895336,,,-0.41668531918953344,-0.41668531918953355,-0.4166853191895335,-0.41668531918953355,-0.41668531918953355,,,,,,,,,,,,,,,,,,,,,,,,,,,,,0.9732051313367924,0.9835690186686328,1.0,0.4166853191895336,0.4166853191895334,,,,0.5140683939459219,0.48657435876893496,0.17425547426320226,,,-0.38331280716175664,-0.383312807161757,,,-0.4166853191895335,-0.4166853191895334,-0.41668531918953366,,,,0.8416282600453792,0.6787491047272483,0.45690000147845544,,0.3598002658760828,,,,-0.4166853191895335,-0.41668531918953355,,,,,,,-0.416685319189534,-0.4166853191895335,-0.41668531918953344,-0.4166853191895334,0.4166853191895325,,,,,0.45690000147845544,0.3839215689155811,0.8416282600453792,0.6787491047272483,-0.3253390832923933,0.39460756162586424,0.38515810990483484,,,,,0.3598002658760828,0.32403504951952555,,,,,,0.4166853191895334,0.9928014011103978,0.9928014011103977,0.9928014011103973,0.5004086811424755,0.4190232410125699,,,
,,,,,,-1.0,-1.0,,-0.9999999999999999,1.0,-0.02817006188947428,,0.19285326454966117,,-0.20961339660250758,0.1414947826164198,,,,,,,-1.3121850680929194e-16,-0.9752765581141101,0.9724280063484589,,-0.07423952381003111,0.9212190962388735,0.9618078995975499,,,,,,,,,,,,,,,,,,,,,,,,0.3879255145042695,,,,0.9999999999999997,0.9999999999999998,0.9999999999999999,,,,0.9999999999999997,0.9999999999999998,,,0.7483314773547886,0.9999999999999998,0.9999999999999999,-1.0,-0.9999999999999998,-1.0,-1.0,,,-1.0,-0.9999999999999997,-1.0,-1.0,-1.0,-0.2098870369680038,-0.20977371612687093,-0.20911636697312203,-0.21009029257555575,0.1382662539392346,0.14198649917983963,0.1421484631187065,,,,-0.2092239498961962,-0.20988367967541474,0.19670696295154738,0.20974489394553558,-0.2096133966025077,0.14149478261641965,-0.20922394989619614,-0.2096133966025076,0.14149478261641957,-0.033277836671787006,-0.03664869666810993,-0.09999999999999978,,0.1921312060921386,0.19407781959573758,0.2084264810175508,-0.16021582365815262,0.14149478261641985,0.356736470949413,0.3712956374533599,0.4166853191895336,1.0,0.9999999999999994,,,,,,,,,-0.7585686508908869,-0.7585686508908863,,-0.20961339660250755,-0.7244779471968967,-0.925191906390913,-0.9999999999999997,0.18957870353264208,,,-0.055981197723653606,0.9230254342289113,0.9516624182824477,,,,,,-0.9990891778420599,-0.8876628236040898,-0.20948930850328432,0.13982502359210683,-0.028170061889472995,,,,-0.32807511591250316,-1.0,-1.0,-1.0,-0.1420298070539407,,-0.03498962344526673,0.20408061125591406,0.19285326454966117,0.9516624182824477,0.9179515142139925,-0.055981197723653606,0.9230254342289113,-0.9335629299475604,0.9609233031702846,0.9629985215595568,-0.12314448060404341,,,,,,,,,,-0.2083573954513098,0.9998039392925487,0.38792551450426926,0.3879255145042691,0.38792551450426893,,0.8633949308178627,,,
,,,,,,-0.9999999999999997,-0.9999999999999993,,-0.9999999999999996,1.0,-0.028170061889475996,,0.1928532645496621,,-0.20961339660250833,0.14149478261641976,,,,,,,1.2333870157079994e-15,-0.9752765581141087,0.9724280063484584,,-0.07423952381003028,0.9212190962388719,0.9618078995975494,,,,,,,,,,,,,,,,,,,,,,,,0.38792551450426954,,,,0.9999999999999992,0.9999999999999994,0.9999999999999993,,,,0.9999999999999992,0.9999999999999994,,,0.7483314773547877,0.9999999999999998,0.9999999999999999,-0.9999999999999994,-0.9999999999999992,-1.0,-0.9999999999999999,,,-0.9999999999999996,-0.9999999999999992,-0.9999999999999997,-1.0,-0.9999999999999996,-0.20988703696800443,-0.20977371612687148,-0.20911636697312277,-0.21009029257555642,0.13826625393923467,0.14198649917983958,0.1421484631187063,,,,-0.20922394989619683,-0.20988367967541532,0.19670696295154771,0.20974489394553625,-0.2096133966025082,0.14149478261641973,-0.20922394989619683,-0.20961339660250825,0.14149478261641946,-0.033277836671788734,-0.03664869666810828,-0.09999999999999903,,0.19213120609213963,0.19407781959573844,0.2084264810175515,-0.16021582365815293,0.14149478261641987,0.35673647094941324,0.3712956374533601,0.4166853191895334,0.9999999999999994,1.0,,,,,,,,,-0.7585686508908815,-0.7585686508908814,,-0.20961339660250794,-0.7244779471968975,-0.925191906390914,-1.0,0.18957870353264272,,,-0.055981197723651656,0.9230254342289123,0.9516624182824485,,,,,,-0.9990891778420609,-0.8876628236040904,-0.20948930850328468,0.13982502359210655,-0.028170061889473342,,,,-0.32807511591250366,-1.0,-1.0,-1.0,-0.14202980705394108,,-0.03498962344526609,0.20408061125591417,0.19285326454966176,0.9516624182824485,0.9179515142139931,-0.055981197723651656,0.9230254342289123,-0.9335629299475608,0.9609233031702847,0.9629985215595571,-0.12314448060404425,,,,,,,,,,-0.20835739545131024,0.9998039392925495,0.38792551450427093,0.3879255145042707,0.38792551450427065,,0.8633949308178627,,,
,,,,,,,,,,,-0.9956331859702471,,0.9783530918213407,,0.999832134124002,0.7438073458502374,,,,,,,0.8155677307455116,,,0.9991528796070586,,,0.8777709304556207,,,,,0.875041135315174,,,,,,,,,,,,,,,,,,,,0.9923663323652072,,0.7707163600604345,,,,,,,,,,,,,,,,,,,,,,,,,0.9999612321872173,0.9999083734940237,0.9996085513124099,,0.7438073458502377,0.7438073458502376,0.7438073458502376,,,,0.9920528173176213,0.9566659326159489,0.7218618515710679,-0.9939935255311215,0.9998321341240012,0.7438073458502376,0.9920528173176202,0.9998321341240008,0.7438073458502366,-0.9973272195258811,0.9216151943040165,0.7438073458502376,,0.980590850536535,0.9672776755114445,0.970424605528791,-0.676366982973104,0.7438073458502376,,,,,,1.0,0.999813115681616,0.996290608038124,,,,0.9407024140263733,,,,,0.999832134124003,0.9998321341240022,0.7438073458502377,,0.9750052540547011,,1.0,,,0.9076102997334721,,,,,,-0.9956331859702483,0.9783530918213413,-0.9756788901180523,0.677643009174441,-0.9956331859702479,0.9985893081244929,0.9991528796070592,0.9979217616248474,0.999832134124002,,,,0.9998321341240025,,0.9819628987504723,0.8077253813834615,0.9783530918213413,0.9076102997334721,0.8361940536806906,,,,,,0.7211539429440743,,,,,,,,,,-0.995081631728971,0.999832134124003,,,,,0.8956286629068668,0.8283235189019248,0.9991528796070593,
,,,,,,,,,,,-0.9972518128600562,,0.9821709068275024,,0.9999994897910117,0.7565898635039744,,,,,,,0.8266021125192101,,,0.9997617205070565,,,0.8683452104620121,,,,,0.8655198832936102,,,,,,,,,,,,,,,,,,,,0.989796731348589,,0.7828903811523031,,,,,,,,,,,,,,,,,,,,,,,,,0.9999445817727588,0.9999832020969498,0.9999626078537874,,0.7565898635039746,0.7565898635039745,0.7565898635039746,,,,0.9942998359274168,0.9508578491968592,0.7351055438044845,-0.9959234575913603,0.9999994897910106,0.7565898635039745,0.9942998359274156,0.9999994897910104,0.7565898635039736,-0.9985533312457479,0.9289458784606102,0.7565898635039746,,0.9841979649415448,0.9720018729413024,0.9749101250205534,-0.6904799939308142,0.7565898635039745,,,,,,0.999813115681616,1.0,0.9977679995943863,,,,0.9339684951619843,,,,,0.9999994897910113,0.9999994897910104,0.7565898635039741,,0.9791183025444465,,0.9998131156816148,,,0.8993247618336283,,,,,,-0.997251812860056,0.982170906827502,-0.9797342588682134,0.691733089921598,-0.9972518128600557,0.9994291875495173,0.9997617205070558,0.9964895525286637,0.9999994897910104,,,,0.9999994897910107,,0.9854345947384308,0.8189718971862412,0.9821709068275019,0.8993247618336283,0.8254353559663096,,,,,,0.7344120281007389,,,,,,,,,,-0.9968106807550895,0.999999489791011,,,,,0.886862275149496,0.8389995811894839,0.9997617205070557,
,,,,,,,,,,,-0.999973143633836,,0.9925319121983408,,0.99770003637697,0.7985652208284794,,,,,,,0.8623377215554023,,,0.9989878981246041,,,0.8332888766152746,,,,,0.8301416994642512,,,,,,,,,,,,,,,,,,,,0.9780728357810631,,0.8226882326537047,,,,,,,,,,,,,,,,,,,,,,,,,0.9970097056578453,0.9973641951570172,0.998308149430002,,0.7985652208284796,0.7985652208284796,0.7985652208284796,,,,0.9992002070016067,0.9280598659154505,0.7787356791349637,-0.9997238988834497,0.9977000363769689,0.7985652208284795,0.9992002070016055,0.9977000363769688,0.7985652208284785,-0.999915118929193,0.951593942469385,0.7985652208284796,,0.99382535039782,0.9855229015468762,0.9875983607312855,-0.737241279119612,0.7985652208284795,,,,,,0.996290608038124,0.9977679995943863,1.0,,,,0.908021156535308,,,,,0.9977000363769701,0.9977000363769694,0.7985652208284796,,0.9905078663237098,,0.9962906080381232,,,0.8681176193919066,,,,,,-0.9999731436338364,0.9925319121983408,-0.9909228169710698,0.738411565397995,-0.9999731436338359,0.9994543588546674,0.998987898124604,0.9886750963706298,0.9977000363769692,,,,0.9977000363769694,,0.9945906691137478,0.855462200594897,0.9925319121983408,0.8681176193919066,0.7858982195130093,,,,,,0.7780938740488269,,,,,,,,,,-0.999914693174541,0.99770003637697,,,,,0.8540300764714917,0.8734618345794821,0.998987898124604,
,,,,,,,,,,,,,,,,,,,,,,,,0.5578914854210683,0.2320907632188618,,0.5705803526812637,0.3153570316584918,0.7767758196058425,,0.32573419325769953,,0.9998306995778437,,,,,,,,,,,,,,,,,0.6905726228451844,0.4428680539953261,0.19875825791691945,0.5538339097247944,,,,,,,,,,,,,,,,,,,,,,,,,,,,,,,,,,,,,,,,,,,,,,,,,,,,,,,,0.5802221399864341,0.5694709494015441,0.5140683939459219,,,,,,1.0,0.9993214409749627,0.9175172914386568,,,0.25144264440692843,0.2514426444069282,,,,,,,,,0.5920520102019226,0.33421454171746995,0.7736465236992438,,0.204824856859186,,,,,,,,,,,,,,,,,,,,,0.7736465236992438,0.7780873407127966,0.5920520102019226,0.33421454171746995,0.43490514741377134,-0.4367510212068098,-0.4367225854015001,,,,,0.204824856859186,0.19181714364138971,,,,,,,0.5538339097247951,0.553833909724795,0.5538339097247948,0.9998306995778455,0.7767758196058439,,,
,,,,,,,,,,,,,,,,,,,,,,,,0.546595853405645,0.22143387604516374,,0.542208531767785,0.2964312961358458,0.7576212682307315,,0.3090349518692676,,0.9998299103077776,,,,,,,,,,,,,,,,,0.6776644029976229,0.426173312498582,0.18328131858565797,0.52587457152186,,,,,,,,,,,,,,,,,,,,,,,,,,,,,,,,,,,,,,,,,,,,,,,,,,,,,,,,0.5521368656883056,0.5414092601210778,0.48657435876893496,,,,,,0.9993214409749627,1.0,0.9263271907069303,,,0.2428384460988518,0.2428384460988517,,,,,,,,,0.5636418389297911,0.31482628515895483,0.7537191722676341,,0.18876184082493966,,,,,,,,,,,,,,,,,,,,,0.7537191722676341,0.7597518717834831,0.5636418389297911,0.31482628515895483,0.4197234497897503,-0.41844827422999636,-0.41880683020297604,,,,,0.18876184082493966,0.17705775030753107,,,,,,,0.5258745715218596,0.5258745715218595,0.5258745715218592,0.9998299103077777,0.7576212682307318,,,
,,,,,,,,,,,,,,,,,,,,,,,,0.4593377257181157,-0.03419602595279697,,0.2542307747920217,-0.062001738395346055,0.5789143753511494,,0.05099095456372096,,0.9221234009939638,,,,,,,,,,,,,,,,,0.5257821592100295,0.2804835547391112,0.02163908031623547,0.22054181262745107,,,,,,,,,,,,,,,,,,,,,,,,,,,,,,,,,,,,,,,,,,,,,,,,,,,,,,,,0.25557457390609706,0.24066361620122798,0.17425547426320226,,,,,,0.9175172914386568,0.9263271907069303,1.0,,,0.18850197591499665,0.1885019759149965,,,,,,,,,0.282814151905969,-0.04250292629853089,0.5662044181306535,,0.021378938578954253,,,,,,,,,,,,,,,,,,,,,0.5662044181306535,0.5906485269307132,0.282814151905969,-0.04250292629853089,0.4747815149235795,-0.4545379822269085,-0.45766301321501734,,,,,0.021378938578954253,0.022558252406181638,,,,,,,0.22054181262745107,0.22054181262745087,0.22054181262745065,0.9221234009939637,0.5789143753511499,,,
,,,,,,,,,,,-0.9049265378351814,,0.8501373843469734,,0.9343290037544563,0.47296009955631174,,,,,,,0.5709054651985843,,,0.9259452643889923,,,0.9882411302339648,,,,,0.9873585117548334,,,,,,,,,,,,,,,,,,,,0.9753573125668241,,0.5088628622758887,,,,,,,,,,,,,,,,,,,,,,,,,0.9376788818054961,0.9360240969060937,0.9308432664707164,,0.4729600995563117,0.47296009955631174,0.47296009955631174,,,,0.8905434736063562,0.9987184132441563,0.4442953967854693,-0.8979268348431675,0.9343290037544554,0.47296009955631174,0.8905434736063551,0.9343290037544549,0.4729600995563112,-0.9134022491302415,0.7353076740520177,0.47296009955631174,,0.8559323932979029,0.8238502299322743,0.8309884511374042,-0.38639303209667686,0.47296009955631174,,,,,,0.9407024140263733,0.9339684951619843,0.908021156535308,,,,1.0,,,,,0.9343290037544558,0.9343290037544556,0.4729600995563118,,0.8418184155143711,,0.9407024140263721,,,0.9962058241416627,,,,,,-0.9049265378351816,0.8501373843469731,-0.84346203642775,0.38799157781416516,-0.9049265378351811,0.9213627961115164,0.9259452643889922,0.960606642116515,0.9343290037544556,,,,0.9343290037544558,,0.8595948463026861,0.5598314306238737,0.8501373843469731,0.9962058241416627,0.9726565199223112,,,,,,0.44337922617509257,,,,,,,,,,-0.9024718586364688,0.9343290037544557,,,,,0.9934117054166425,0.5891506692623164,0.925945264388992,
,,,,,,,,,,,,,,,,,,,,,,,,,,,,,,,,,,,,,,,,,,,,,,,,,,,,,,,,,,,,,,,,,,,,,,,,,,,,,,,,,,,,,,,,,,,,,,,,,,,,,,,,,,,,,,,,,,,,,,,,,,,,,,,,,,,,,,,,,,,,,,,,,,,,,,,,,,,,,,,,,,,,,,,,,,,,,,,,,,,,,,,
,,,,,,0.7585686508908869,0.7585686508908871,,0.7585686508908867,-0.7585686508908871,0.03664346489325017,,-0.250862488580998,-0.46882674506154925,0.272663978151534,-0.1840556516959658,,0.1795014066342765,-0.48581449489565964,0.35344674016046435,-0.08817669619477464,-0.35310095812872283,-0.006410246953962589,0.5947372138791848,-0.5727573555819382,,0.004780926137676609,-0.6716033284720396,-0.575694177697369,-0.12780480864425,-0.056347728267229315,-0.3540134058837049,0.2471519275244269,,,,,,,,,,,,,,,,,0.4620597577523534,0.48359365773170393,0.2312132367150795,-0.3218144517022379,,,,-0.8251871618851555,-0.8251871618851555,-0.8251871618851555,,,,-0.8251871618851555,-0.8251871618851555,,,-0.49037227367387576,-0.7585686508908869,-0.7585686508908867,0.7585686508908868,0.7585686508908869,0.7585686508908869,0.7585686508908871,,,0.7585686508908868,0.7585686508908867,0.7585686508908868,0.7585686508908871,0.7585686508908868,0.2730199280662262,0.2728725209259784,0.2720174446846656,0.27328432186659873,-0.1798559989687742,-0.18469527395522112,-0.18490595577520164,,,,0.27215738797198413,0.2730155609180953,-0.25587535872138834,-0.27283502918761987,0.27266397815153387,-0.1840556516959658,0.27215738797198413,0.2726639781515339,-0.18405565169596552,0.04328763083980219,0.047672427380894895,0.1300794617953688,,-0.24992323882560477,-0.2524553831943223,-0.2711200447466565,0.20840788112554212,-0.1840556516959659,-0.2597849559730755,-0.28823911106502353,-0.38331280716175664,-0.7585686508908869,-0.7585686508908815,,,,0.25144264440692843,0.2428384460988518,0.18850197591499665,,,1.0,1.0,,0.27266397815153365,0.6296903791143711,0.6724096403491493,0.7585686508908871,-0.24660295723389872,,,0.019408118174029133,-0.6378518833795117,-0.5475662366666586,,0.23742401431179036,,,,0.758529768461462,0.6242780546382715,0.2725025650199118,-0.18188363814385997,0.03664346489324853,,,,0.3586739731273188,0.7585686508908871,0.7585686508908871,0.7585686508908874,0.22280113898103474,,0.0455143138618291,-0.26546696075039183,-0.250862488580998,-0.5475662366666586,-0.5495834160114833,0.019408118174029133,-0.6378518833795117,0.6087612818161029,-0.6526994182643394,-0.6482291108786307,0.1601856776004421,,,,0.23742401431179036,0.2236129908452682,,,,,0.27103017861391177,-0.7561182437070845,-0.3218144517022379,-0.32181445170223805,-0.32181445170223755,0.24715192752442797,-0.47779368524149624,,,
,,,,,,0.7585686508908865,0.7585686508908868,,0.7585686508908864,-0.7585686508908871,0.03664346489325037,,-0.25086248858099797,-0.46882674506154975,0.27266397815153387,-0.18405565169596594,,0.17950140663427674,-0.4858144948956602,0.3534467401604649,-0.08817669619477501,-0.35310095812872316,-0.006410246953962662,0.5947372138791844,-0.572757355581938,,0.004780926137676248,-0.6716033284720394,-0.5756941776973686,-0.12780480864424956,-0.056347728267229794,-0.35401340588370506,0.2471519275244267,,,,,,,,,,,,,,,,,0.4620597577523537,0.4835936577317045,0.23121323671507948,-0.32181445170223816,,,,-0.8251871618851553,-0.8251871618851553,-0.8251871618851554,,,,-0.8251871618851553,-0.8251871618851553,,,-0.490372273673876,-0.7585686508908869,-0.7585686508908868,0.7585686508908867,0.7585686508908868,0.7585686508908867,0.7585686508908871,,,0.7585686508908867,0.7585686508908868,0.7585686508908874,0.7585686508908872,0.7585686508908869,0.27301992806622627,0.2728725209259785,0.2720174446846657,0.2732843218665987,-0.17985599896877422,-0.18469527395522112,-0.18490595577520155,,,,0.27215738797198424,0.27301556091809526,-0.2558753587213884,-0.27283502918761987,0.27266397815153387,-0.18405565169596583,0.27215738797198424,0.2726639781515337,-0.18405565169596544,0.043287630839802374,0.047672427380894736,0.1300794617953686,,-0.24992323882560466,-0.2524553831943223,-0.2711200447466566,0.20840788112554215,-0.18405565169596594,-0.25978495597307577,-0.2882391110650237,-0.383312807161757,-0.7585686508908863,-0.7585686508908814,,,,0.2514426444069282,0.2428384460988517,0.1885019759149965,,,1.0,1.0,,0.27266397815153365,0.6296903791143708,0.6724096403491485,0.7585686508908869,-0.24660295723389883,,,0.019408118174028908,-0.6378518833795116,-0.5475662366666584,,0.23742401431179067,,,,0.7585297684614618,0.6242780546382711,0.272502565019912,-0.18188363814385988,0.03664346489324868,,,,0.35867397312731863,0.758568650890887,0.7585686508908868,0.7585686508908871,0.22280113898103465,,0.045514313861829095,-0.2654669607503917,-0.25086248858099797,-0.5475662366666584,-0.5495834160114829,0.019408118174028908,-0.6378518833795116,0.6087612818161027,-0.6526994182643391,-0.6482291108786307,0.1601856776004421,,,,0.23742401431179067,0.22361299084526848,,,,,0.27103017861391193,-0.7561182437070841,-0.32181445170223805,-0.32181445170223816,-0.32181445170223766,0.24715192752442786,-0.4777936852414958,,,
,,,,,,,,,,,,,,,,,,,,,,,,,,,,,,,,,,,,,,,,,,,,,,,,,,,,,,,,,,,,,,,,,,,,,,,,,,,,,,,,,,,,,,,,,,,,,,,,,,,,,,,,,,,,,,,,,,,,,,,,,,,,,,,,,,,,,,,,,,,,,,,,,,,,,,,,,,,,,,,,,,,,,,,,,,,,,,,,,,,,,,,
,,,,,,0.20961339660250827,0.20961339660250766,,0.20961339660250775,-0.20961339660250766,0.09511860415856825,,-0.931443748322846,,1.0,-0.6540131725081322,,,,,,,0.039963953365198,,,0.9997391597666707,,,-0.06981443493746053,,,,,0.2713127345451911,,,,,,,,,,,,,,,,,,,,0.2614619839197214,,0.41425301506852186,-0.9960206323206018,-0.9960206323206022,-0.9960206323206019,,,,-0.9960206323206018,-0.9960206323206022,,,0.4901884461028433,-0.20961339660250772,-0.20961339660250788,0.2096133966025079,0.20961339660250788,0.20961339660250777,0.2096133966025078,,,0.20961339660250763,0.20961339660250772,0.2096133966025078,0.20961339660250786,0.20961339660250783,0.9997255689659723,0.9999218260967886,0.9995799715771084,0.9977300427963528,-0.6382259009197007,-0.6573972828381508,-0.6547483345252637,,,,0.9992311601966593,0.9984688492577483,-0.9264988840060917,-0.999637071652532,1.0,-0.6540131725081321,0.9992311601966593,1.0,-0.6540131725081328,0.1190469337116783,0.18871721827023402,0.4949205197559213,,-0.9276757169030727,-0.9379327113035586,-0.9950731933128664,0.7483629521926799,-0.654013172508132,,,,-0.20961339660250755,-0.20961339660250794,0.999832134124003,0.9999994897910113,0.9977000363769701,,,,0.9343290037544558,,0.27266397815153365,0.27266397815153365,,1.0,0.8258450558236147,-0.04541755757712413,0.20961339660250775,-0.9180544917289551,,0.9998321341240012,,,0.059746290570476125,,,,,,0.21323082922293263,-0.2320927680929838,0.9960899149765254,-0.6473515309183201,0.09511860415856954,0.9993945513691995,0.9997391597666695,0.9965736116620784,0.9924345224356106,0.20961339660250775,0.20961339660250788,0.2096133966025078,0.9976432897230485,,0.13055888642567925,-0.9708474258660557,-0.9314437483228463,0.059746290570476125,-0.13593602775392744,,,,,,0.6059767836195633,,,,,,,,,,0.9897635984847157,-0.19021110854281922,,,,,0.23760265439518263,0.8384494941623039,0.9997391597666696,
,,,,,,0.7244779471968971,0.7244779471968966,,0.7244779471968966,-0.7244779471968967,0.08330065664681152,,-0.767849981558866,,0.8258450558236147,-0.5426538677516584,,,,,,,0.024677123686011878,0.9752765581141103,-0.9724280063484592,0.9997391597666697,0.07423952381003117,-0.9212190962388737,-0.6438600363492374,,,,,0.2713127345451913,,,,,,,,,,,,,,,,,,,-0.3879255145042693,0.26146198391972086,,0.4142530150685217,-0.9984863836915552,-0.9984863836915551,-0.9984863836915552,,,,-0.9984863836915552,-0.9984863836915551,,,-0.08600674374521776,-0.7244779471968964,-0.724477947196897,0.7244779471968967,0.7244779471968966,0.724477947196897,0.724477947196897,,,0.7244779471968966,0.7244779471968967,0.7244779471968971,0.724477947196897,0.7244779471968972,0.8258094040484986,0.8258824041429998,0.82526231146393,0.8245198590533187,-0.5296625650715892,-0.5453231045551192,-0.5435491103886925,,,,0.8250784577522833,0.824921531862949,-0.7665865172584744,-0.8256650418904805,0.8258450558236142,-0.5426538677516584,0.8250784577522832,0.8258450558236149,-0.5426538677516588,0.10311485056872642,0.15417355776899053,0.40656963552324427,,-0.7647772558259718,-0.7731306471200746,-0.8216873535883733,0.6199631985187093,-0.5426538677516586,-0.3567364709494129,-0.37129563745335975,-0.4166853191895335,-0.7244779471968967,-0.7244779471968975,0.9998321341240022,0.9999994897910104,0.9977000363769694,,,,0.9343290037544556,,0.6296903791143711,0.6296903791143708,,0.8258450558236147,1.0,0.5015490468379928,0.7244779471968968,-0.7565226341221066,,0.9998321341240022,0.05598119772365366,-0.9230254342289114,-0.5502865349077575,,,,,,0.7265028098666618,0.3483072943705606,0.8230170430406573,-0.5369947176581359,0.08330065664681173,0.9993945513692004,0.9997391597666705,0.996573611662079,0.8888296519698782,0.7244779471968966,0.7244779471968966,0.7244779471968967,0.7852076020952138,,0.11221750944993161,-0.8021028756532823,-0.7678499815588659,-0.5502865349077575,-0.6611883482744617,0.05598119772365366,-0.9230254342289114,0.9335629299475608,-0.9609233031702844,-0.9629985215595569,0.4982073922085014,,,,,,,,,,0.8179044640818184,-0.710687057525143,-0.38792551450426926,-0.38792551450426904,-0.38792551450426876,,-0.37570193213513803,0.8384494941623045,0.9997391597666704,
,,,,,,0.9251919063909133,0.9251919063909128,,0.9251919063909128,-0.9251919063909134,-0.021801546640307794,,0.04200562259847847,,-0.045417557577124006,0.24477161427260707,,,,,,,0.2998552141458479,0.9752765581141098,-0.9724280063484589,0.7706832971463944,0.07423952381003117,-0.9212190962388732,-0.8982010987663855,,,,,0.6057406236044361,,,,,,,,,,,,,,,,,,,-0.38792551450426926,0.18489804232938356,,0.9979251096705809,-0.7922276150130503,-0.7922276150130501,-0.7922276150130504,,,,-0.7922276150130503,-0.7922276150130501,,,-0.8597910164473401,-0.9251919063909129,-0.925191906390913,0.9251919063909132,0.9251919063909131,0.925191906390913,0.925191906390913,,,0.9251919063909133,0.9251919063909129,0.9251919063909135,0.9251919063909129,0.9251919063909132,-0.04783781669670971,-0.04670878419994157,-0.042427905298183625,-0.05241899329953608,0.24518357161794294,0.24275232524503126,0.24312914975418007,,,,-0.0342364643725542,-0.05933174306198637,0.148514759746504,0.04099659038260098,-0.045417557577124006,0.2447716142726071,-0.034236464372554135,-0.045417557577124075,0.2447716142726073,-0.025882236627268178,-0.09242764390737156,0.0012702597026906567,,0.04591541206351136,0.03328592818567679,0.049082079326137694,-0.21022983030498849,0.24477161427260696,-0.3567364709494128,-0.3712956374533597,-0.4166853191895334,-0.925191906390913,-0.925191906390914,0.7438073458502377,0.7565898635039741,0.7985652208284796,,,,0.4729600995563118,,0.6724096403491493,0.6724096403491485,,-0.04541755757712413,0.5015490468379928,1.0,0.9251919063909131,0.03942072464385112,,0.7438073458502376,0.05598119772365362,-0.923025434228911,-0.9463192457240788,,,,,,0.9223059941351709,0.9247080210718862,-0.04619979582943445,0.24557198558300586,-0.021801546640309106,0.7782484266023075,0.7706832971463943,0.699192068961703,0.07229276532500946,0.9251919063909128,0.9251919063909132,0.9251919063909129,-0.11090190987646441,,-0.01491219125076075,0.10078094077899917,0.04200562259847859,-0.9463192457240788,-0.8263244676516746,0.05598119772365362,-0.923025434228911,0.9335629299475608,-0.9609233031702842,-0.9629985215595567,0.1977059311854995,,,,,,,,,,-0.035790781485532205,-0.9298575867610784,-0.3879255145042691,-0.38792551450426893,-0.38792551450426893,,-0.9433797815187424,0.990580946608146,0.7706832971463943,
,,,,,,1.0,0.9999999999999997,,1.0,-0.9999999999999997,0.028170061889474237,,-0.19285326454966148,,0.20961339660250808,-0.14149478261641996,,,,,,,8.790019296414794e-17,0.97527655811411,-0.9724280063484593,,0.07423952381003117,-0.9212190962388739,-0.9618078995975504,,,,,,,,,,,,,,,,,,,,,,,,-0.38792551450426943,,,,-0.9999999999999998,-1.0,-1.0,,,,-0.9999999999999998,-1.0,,,-0.7483314773547882,-1.0,-0.9999999999999994,0.9999999999999999,0.9999999999999999,1.0,0.9999999999999999,,,1.0,1.0,1.0,1.0,1.0,0.2098870369680042,0.2097737161268712,0.20911636697312236,0.21009029257555611,-0.1382662539392347,-0.14198649917983985,-0.14214846311870663,,,,0.20922394989619642,0.20988367967541507,-0.19670696295154758,-0.2097448939455358,0.209613396602508,-0.14149478261641993,0.20922394989619653,0.20961339660250808,-0.14149478261641965,0.033277836671787006,0.036648696668110055,0.10000000000000002,,-0.19213120609213896,-0.1940778195957378,-0.20842648101755107,0.16021582365815287,-0.14149478261641998,-0.356736470949413,-0.3712956374533599,-0.41668531918953366,-0.9999999999999997,-1.0,,,,,,,,,0.7585686508908871,0.7585686508908869,,0.20961339660250775,0.7244779471968968,0.9251919063909131,1.0,-0.18957870353264228,,,0.055981197723653654,-0.9230254342289114,-0.9516624182824477,,,,,,0.99908917784206,0.8876628236040897,0.2094893085032845,-0.13982502359210702,0.02817006188947299,,,,0.32807511591250343,0.9999999999999998,1.0,1.0,0.14202980705394097,,0.034989623445266745,-0.2040806112559142,-0.19285326454966129,-0.9516624182824477,-0.9179515142139923,0.055981197723653654,-0.9230254342289114,0.9335629299475611,-0.9609233031702845,-0.962998521559557,0.1231444806040437,,,,,,,,,,0.20835739545131007,-0.9998039392925491,-0.38792551450426926,-0.38792551450426915,-0.38792551450426904,,-0.8633949308178631,,,
,,,,,,-0.18957870353264267,-0.18957870353264225,,-0.1895787035326423,0.18957870353264208,0.05301693889326125,,0.9988715631633827,,-0.9180544917289548,0.5871837142092245,,,,,,,-0.06946297266710598,,,0.9833226302371907,,,0.07564377283009671,,,,,0.5177901710289227,,,,,,,,,,,,,,,,,,,,0.28631160186978144,,-0.09721046377081671,0.8448831002828714,0.8448831002828715,0.8448831002828716,,,,0.8448831002828714,0.8448831002828715,,,-0.44333659777996187,0.18957870353264245,0.1895787035326425,-0.18957870353264245,-0.18957870353264247,-0.18957870353264236,-0.18957870353264242,,,-0.18957870353264233,-0.18957870353264233,-0.18957870353264233,-0.18957870353264242,-0.1895787035326425,-0.9132591057268845,-0.9155749153123293,-0.9231101716415816,-0.9023677448802789,0.6036170576669252,0.5680968868852427,0.5871098557030733,,,,-0.9180346286013585,-0.9110932759208349,0.839146909694097,0.9133948677371907,-0.918054491728955,0.5871837142092241,-0.9180346286013582,-0.9180544917289548,0.5871837142092251,0.03233784093660409,-0.23822953386778573,-0.5268788898373296,,0.9984081068710905,0.9976537668271983,0.9492743519755271,-0.7419190820181206,0.5871837142092242,,,,0.18957870353264208,0.18957870353264272,0.9750052540547011,0.9791183025444465,0.9905078663237098,,,,0.8418184155143711,,-0.24660295723389872,-0.24660295723389883,,-0.9180544917289551,-0.7565226341221066,0.03942072464385112,-0.18957870353264228,1.0,,0.9750052540547003,,,-0.04833229076030661,,,,,,-0.18691487421672776,0.2833342356780791,-0.9026213200056807,0.5887062608615933,0.05301693889325998,0.9854272233881376,0.9833226302371902,0.9586621787987889,-0.9107501305300745,-0.18957870353264253,-0.18957870353264253,-0.18957870353264236,-0.9160914443608802,,0.27160455860067423,0.9356579753808953,0.9988715631633829,-0.04833229076030661,0.13814026587560832,,,,,,-0.5538554221403423,,,,,,,,,,-0.8902138790685433,0.17175477505915568,,,,,-0.22251464313653116,0.9320971563149019,0.9833226302371906,
,,,,,,,,,,,,,,,,,,,,,,,,,,,,,,,,,,,,,,,,,,,,,,,,,,,,,,,,,,,,,,,,,,,,,,,,,,,,,,,,,,,,,,,,,,,,,,,,,,,,,,,,,,,,,,,,,,,,,,,,,,,,,,,,,,,,,,,,,,,,,,,,,,,,,,,,,,,,,,,,,,,,,,,,,,,,,,,,,,,,,,,
,,,,,,,,,,,-0.9956331859702471,,0.9783530918213407,,0.999832134124002,0.7438073458502374,,,,,,,0.8155677307455116,,,0.9991528796070586,,,0.8777709304556207,,,,,0.875041135315174,,,,,,,,,,,,,,,,,,,,0.9923663323652072,,0.7707163600604345,,,,,,,,,,,,,,,,,,,,,,,,,0.9999612321872173,0.9999083734940237,0.9996085513124099,,0.7438073458502377,0.7438073458502376,0.7438073458502376,,,,0.9920528173176213,0.9566659326159489,0.7218618515710679,-0.9939935255311215,0.9998321341240012,0.7438073458502376,0.9920528173176202,0.9998321341240008,0.7438073458502366,-0.9973272195258811,0.9216151943040165,0.7438073458502376,,0.980590850536535,0.9672776755114445,0.970424605528791,-0.676366982973104,0.7438073458502376,,,,,,1.0,0.9998131156816148,0.9962906080381232,,,,0.9407024140263721,,,,,0.9998321341240012,0.9998321341240022,0.7438073458502376,,0.9750052540547003,,1.0,,,0.9076102997334721,,,,,,-0.9956331859702483,0.9783530918213413,-0.9756788901180523,0.677643009174441,-0.9956331859702479,0.9985893081244929,0.9991528796070592,0.9979217616248474,0.999832134124002,,,,0.9998321341240025,,0.9819628987504723,0.8077253813834615,0.9783530918213413,0.9076102997334721,0.8361940536806906,,,,,,0.7211539429440743,,,,,,,,,,-0.995081631728971,0.999832134124003,,,,,0.8956286629068668,0.8283235189019248,0.9991528796070593,
,,,,,,0.055981197723653536,0.05598119772365364,,0.05598119772365365,-0.055981197723653384,,,,,,,,,,,,,0.29545499323139596,0.14519774503176125,0.03296368240617143,,0.9954670722208172,0.19388516895218685,-0.024283345070993802,0.5490289518576505,0.674258006716048,0.5408104585536178,0.5779262969804939,,,,,,,,,,,,,,,,,0.6414084038534118,0.5544072763462761,0.4353750180326041,0.8808508008059104,,,,,,,,,,,,,,-0.05598119772365362,-0.05598119772365363,-0.055981197723653654,0.055981197723653654,0.05598119772365359,0.055981197723653606,0.05598119772365366,,,0.05598119772365368,0.05598119772365366,0.055981197723653654,0.05598119772365366,0.055981197723653627,,,,,,,,,,,,,,,,,,,,,,,,,,,,,0.9059112840526717,0.896024120774111,0.8416282600453792,-0.055981197723653606,-0.055981197723651656,,,,0.5920520102019226,0.5636418389297911,0.282814151905969,,,0.019408118174029133,0.019408118174028908,,,0.05598119772365366,0.05598119772365362,0.055981197723653654,,,,1.0,0.2227194854422888,0.005254642993640887,,0.452223409618597,,,,0.05598119772365366,0.05598119772365367,,,,,,,0.055981197723653224,0.05598119772365368,0.055981197723653696,0.05598119772365365,-0.055981197723654515,,,,,0.005254642993640887,-0.027417162485111803,1.0,0.2227194854422888,0.19263142436727118,-0.11726398893261719,-0.12928951975333414,,,,,0.452223409618597,0.4149901480559439,,,,,,-0.05598119772365367,0.8808508008059107,0.8808508008059104,0.8808508008059102,0.577926296980494,-0.024283345070993983,,,
,,,,,,-0.9230254342289114,-0.9230254342289113,,-0.9230254342289115,0.9230254342289115,,,,,,,,,,,,,0.28369096569127655,-0.8846568261154067,0.9311103843064883,,0.2104619784971493,0.9961766199604133,0.8993612307137655,0.18749407565729498,0.6929999835495751,0.24602549751622596,0.32447997112356286,,,,,,,,,,,,,,,,,0.5274889353906771,0.5000865906530609,0.39545184319390325,0.649303890461866,,,,,,,,,,,,,,0.9230254342289114,0.9230254342289114,0.9230254342289114,-0.9230254342289113,-0.9230254342289116,-0.9230254342289115,-0.9230254342289118,,,-0.9230254342289114,-0.9230254342289116,-0.9230254342289113,-0.9230254342289114,-0.9230254342289111,,,,,,,,,,,,,,,,,,,,,,,,,,,,,0.6137075108763476,0.6306968389294426,0.6787491047272483,0.9230254342289113,0.9230254342289123,,,,0.33421454171746995,0.31482628515895483,-0.04250292629853089,,,-0.6378518833795117,-0.6378518833795116,,,-0.9230254342289114,-0.923025434228911,-0.9230254342289114,,,,0.2227194854422888,1.0,0.928971841053277,,0.40856191477413595,,,,-0.9230254342289113,-0.9230254342289115,,,,,,,-0.9230254342289116,-0.9230254342289114,-0.9230254342289114,-0.9230254342289116,0.923025434228911,,,,,0.928971841053277,0.8456603761318494,0.2227194854422888,1.0,-0.9034737784296204,0.9386667169023347,0.9365426056842615,,,,,0.40856191477413595,0.3792213414736408,,,,,,0.9230254342289113,0.6493038904618659,0.6493038904618655,0.6493038904618657,0.3244799711235636,0.8993612307137657,,,
,,,,,,-0.9516624182824479,-0.9516624182824476,,-0.9516624182824479,0.9516624182824478,-0.13761847667789487,,-0.044850365160680486,,0.05974629057047611,-0.04312101422157727,,,,,,,0.3357639306480981,-0.9513060771431913,0.97285658043958,0.8895650871246543,-0.016013088751899926,0.9226854250649014,0.9783838047205374,0.912277118268539,0.4436526196996506,0.5235520140771803,0.7638085331177122,0.9974065660262755,,,,,,,,,,,,,,,,0.8508453771393878,0.7553650002189313,0.4273550296036838,0.43466079062648727,0.9524554405900242,,0.4320138910056468,0.9072857415890679,0.9072857415890678,0.907285741589068,,,,0.9072857415890679,0.9072857415890678,,,0.9026592869895039,0.9516624182824479,0.951662418282448,-0.9516624182824478,-0.951662418282448,-0.9516624182824482,-0.9516624182824482,,,-0.9516624182824476,-0.9516624182824481,-0.9516624182824477,-0.9516624182824479,-0.9516624182824478,0.05721210996260845,0.05839919633591915,0.06282117484528911,0.05233124364270294,-0.0364042264700922,-0.04780398216914207,-0.04390210408395513,,,,0.06093918908888814,0.05590072647429369,-0.04806881836118296,-0.057876114066168896,0.05974629057047625,-0.04312101422157741,0.0609391890888883,0.05974629057047613,-0.04312101422157824,-0.1382949991870082,0.11146634230841869,0.07845254709495358,,-0.04288941495052899,-0.04901437791545542,-0.0506210404845575,0.03633881016641775,-0.043121014221577325,0.4086062044135726,0.42096187557184606,0.45690000147845544,0.9516624182824477,0.9516624182824485,0.9076102997334721,0.8993247618336283,0.8681176193919066,0.7736465236992438,0.7537191722676341,0.5662044181306535,0.9962058241416627,,-0.5475662366666586,-0.5475662366666584,,0.059746290570476125,-0.5502865349077575,-0.9463192457240788,-0.9516624182824477,-0.04833229076030661,,0.9076102997334721,0.005254642993640887,0.928971841053277,1.0,,0.4397602574751891,,,,-0.9584372868140776,-0.9514195455583103,0.04622300984749372,-0.046509253502914134,-0.13761847667789354,0.884038688780183,0.8895650871246535,0.9327757046789924,-0.07659927971093007,-0.9516624182824478,-0.9516624182824478,-0.9516624182824479,0.13566158968793235,,0.018858287764985448,-0.0486573185398428,-0.044850365160680514,1.0,0.925637870286143,0.005254642993641005,0.928971841053277,-0.916980460156365,0.9448043775545321,0.9470158776183673,-0.004230173559511878,,,,0.4397602574751891,0.41245792038508783,,,,,0.03807025759944656,0.9558847708550011,0.4346607906264871,0.4346607906264871,0.4346607906264868,0.7638085331177132,0.9719185486130184,0.5165942990544924,0.8895650871246533,
,,,,,,,,,,,,,,,,,,,,,,,0.8032783256757683,,,,,,,,,,,,0.43317944763047406,-0.25894368928955275,0.6004973950803513,0.6606019697443406,0.39545097500664345,0.39297691213581987,0.7216662876008871,0.8929869893952601,0.7206455580090558,0.8802335310537855,0.4391408494318956,0.4391408494318955,0.43914084943189563,0.9973015570155731,0.829312221872408,,,,,,0.4391408494318956,,,,,,,,,,,,,,,,,,,,,,,,,,,,,,,,,,,,,,,,,,,,,,,,,,,,,,,,,,,,,,,,,,,,,,,,,,,,,,,,1.0,,,,,,,,,,,,,,,,,,,,,,,,,,,,,,1.0,0.9993513319653378,0.989265251549643,,,,,,,,,,,,,,,,
,,,,,,,,,,,,,,,,,,,,,,,,0.07508286437421638,0.24425773754220512,,0.4066760437994964,0.38153862289749796,0.419113253618036,,-0.030641641140752268,,0.19669293275827768,,,,,,,,,,,,,,,,,0.6938698356626316,0.7411287033605742,0.9997163991355029,0.41504335455428626,,,,,,,,,,,,,,,,,,,,,,,,,,,,,,,,,,,,,,,,,,,,,,,,,,,,,,,,0.45990707712011214,0.44050370194756705,0.3598002658760828,,,,,,0.204824856859186,0.18876184082493966,0.021378938578954253,,,0.23742401431179036,0.23742401431179067,,,,,,,,,0.452223409618597,0.40856191477413595,0.4397602574751891,,1.0,,,,,,,,,,,,,,,,,,,,,0.43976025747518793,0.39748045233827023,0.452223409618597,0.40856191477413584,0.09340173300365533,-0.15710543140934105,-0.14922577246215518,,,,,1.0,0.9986164262559113,,,,,,,0.41504335455428604,0.4150433545542859,0.41504335455428576,0.19669293275827845,0.41911325361803586,,,
,,,,,,,,,,,,,,,,,,,,,,,,,,,,,,,,,,,,,,,,,,,,,,,,,,,,,,,,,,,,,,,,,,,,,,,,,,,,,,,,,,,,,,,,,,,,,,,,,,,,,,,,,,,,,,,,,,,,,,,,,,,,,,,,,,,,,,,,,,,,,,,,,,,,,,,,,,,,,,,,,,,,,,,,,,,,,,,,,,,,,,,
,,,,,,,,,,,,,,,,,,,,,,,,,,,,,,,,,,,,,,,,,,,,,,,,,,,,,,,,,,,,,,,,,,,,,,,,,,,,,,,,,,,,,,,,,,,,,,,,,,,,,,,,,,,,,,,,,,,,,,,,,,,,,,,,,,,,,,,,,,,,,,,,,,,,,,,,,,,,,,,,,,,,,,,,,,,,,,,,,,,,,,,
,,,,,,,,,,,,,,,,,,,,,,,,,,,,,,,,,,,,,,,,,,,,,,,,,,,,,,,,,,,,,,,,,,,,,,,,,,,,,,,,,,,,,,,,,,,,,,,,,,,,,,,,,,,,,,,,,,,,,,,,,,,,,,,,,,,,,,,,,,,,,,,,,,,,,,,,,,,,,,,,,,,,,,,,,,,,,,,,,,,,,,,
,,,,,,0.9990891778420602,0.9990891778420599,,0.9990891778420593,-0.9990891778420602,0.07079847537308553,,-0.19191808732401905,,0.21323082922293277,-0.14669574072597538,,,,,,,-0.01460733222086443,0.97527655811411,-0.9724280063484592,-0.9986314190735265,0.07423952381003118,-0.9212190962388734,-0.9646683605913579,,,,,-0.03253551155607943,,,,,,,,,,,,,,,,,,,-0.38792551450426943,-0.594319801386176,,-0.07201635233187612,-0.9973284428482954,-0.9973284428482956,-0.9973284428482956,,,,-0.9973284428482954,-0.9973284428482956,,,-0.7439378542767093,-0.99908917784206,-0.9990891778420595,0.9990891778420601,0.99908917784206,0.9990891778420601,0.9990891778420601,,,0.9990891778420598,0.9990891778420598,0.9990891778420601,0.9990891778420594,0.9990891778420596,0.21406767367190077,0.2136903068936771,0.21205254150889874,0.21537013410917816,-0.14426400017874705,-0.1466181180415239,-0.14697997006374167,,,,0.21269166806493636,0.2142632246861287,-0.20223252821817803,-0.2138417175342899,0.21323082922293274,-0.14669574072597547,0.2126916680649364,0.21323082922293277,-0.14669574072597522,0.07587361968684574,0.001211260249308374,0.07151060692360962,,-0.19151347770571625,-0.1924910926285071,-0.21169683983682888,0.16614264656580244,-0.14669574072597552,-0.35673647094941285,-0.3712956374533598,-0.4166853191895335,-0.9990891778420599,-0.9990891778420609,-0.9956331859702483,-0.997251812860056,-0.9999731436338364,,,,-0.9049265378351816,,0.758529768461462,0.7585297684614618,,0.21323082922293263,0.7265028098666618,0.9223059941351709,0.99908917784206,-0.18691487421672776,,-0.9956331859702483,0.05598119772365366,-0.9230254342289113,-0.9584372868140776,,,,,,1.0,0.8872107673992811,0.21684234763006072,-0.14257557307317786,0.0707984753730842,-0.9991854448906236,-0.9986314190735258,-0.9875486905473524,0.33145560304576477,0.99908917784206,0.9990891778420595,0.9990891778420596,0.14575583881564655,,0.048942025043019255,-0.20751723182924947,-0.19191808732401908,-0.9584372868140779,-0.9184003687401927,0.05598119772365364,-0.923025434228911,0.9335629299475607,-0.9609233031702845,-0.9629985215595568,0.12635532637478675,,,,,,,,,,0.2177448111687236,-0.9988161728510119,-0.3879255145042692,-0.38792551450426904,-0.3879255145042689,,-0.8735259299054855,-0.8770067385092705,-0.9986314190735257,
,,,,,,0.8876628236040897,0.8876628236040895,,0.8876628236040897,-0.8876628236040905,0.03335557314000147,,0.28066073942630215,,-0.23209276809298365,0.14425242788935547,,,,,,,-0.06387431045130264,0.97527655811411,-0.9724280063484592,0.9860405003407622,0.07423952381003117,-0.9212190962388735,-0.9038323650288006,,,,,0.5333307418245534,,,,,,,,,,,,,,,,,,,-0.3879255145042694,0.3338793589981712,,-0.08658952551298663,-0.7863503356814565,-0.7863503356814566,-0.7863503356814567,,,,-0.7863503356814565,-0.7863503356814566,,,-0.9436485104212232,-0.88766282360409,-0.8876628236040894,0.8876628236040898,0.8876628236040895,0.8876628236040898,0.8876628236040898,,,0.8876628236040899,0.8876628236040897,0.88766282360409,0.8876628236040899,0.88766282360409,-0.22992514418837776,-0.23095870362081722,-0.23452479892155126,-0.22529558046383769,0.1545182740753791,0.13516578342620528,0.1435845534608478,,,,-0.23230505991218947,-0.22909127479345748,0.20911299721923624,0.23004172046255017,-0.23209276809298363,0.1442524278893555,-0.23230505991218947,-0.2320927680929837,0.144252427889356,0.028468573948441076,-0.06373408271934791,-0.140571478242177,,0.2812259814495292,0.278736663809295,0.2468614750308549,-0.1971705011090506,0.14425242788935536,-0.356736470949413,-0.3712956374533599,-0.41668531918953355,-0.8876628236040898,-0.8876628236040904,0.9783530918213413,0.982170906827502,0.9925319121983408,,,,0.8501373843469731,,0.6242780546382715,0.6242780546382711,,-0.2320927680929838,0.3483072943705606,0.9247080210718862,0.8876628236040897,0.2833342356780791,,0.9783530918213413,0.05598119772365367,-0.9230254342289115,-0.9514195455583103,,,,,,0.8872107673992811,1.0,-0.2265633451076921,0.14553499435123862,0.03335557313999963,0.9879611660935879,0.9860405003407622,0.9629850331213123,-0.11276918668237775,0.8876628236040898,0.8876628236040898,0.88766282360409,-0.2972494955768268,,0.14568515868749024,0.24496923968766776,0.2806607394263024,-0.9514195455583104,-0.8320811594922637,0.05598119772365365,-0.9230254342289115,0.9335629299475606,-0.9609233031702847,-0.9629985215595568,-0.14197205711741592,,,,,,,,,,-0.22261642742796645,-0.8959569104808893,-0.3879255145042694,-0.38792551450426904,-0.3879255145042688,,-0.9465310565960592,0.9263324669885293,0.9860405003407622,
,,,,,,0.20948930850328482,0.20948930850328423,,0.20948930850328437,-0.2094893085032843,0.18262209331218382,,-0.9194029328461898,,0.9960899149765255,-0.6557366387336381,,,,,,,0.01754280511766931,,,-0.9838731807814279,,,-0.07661793863873399,,,,,0.23976321981981208,,,,,,,,,,,,,,,,,,,,-0.46652259111443267,,0.30959621650887864,-0.9949885498614125,-0.9949885498614124,-0.9949885498614125,,,,-0.9949885498614125,-0.9949885498614124,,,0.48989826163217354,-0.20948930850328448,-0.20948930850328454,0.20948930850328462,0.20948930850328468,0.20948930850328445,0.20948930850328443,,,0.2094893085032844,0.20948930850328434,0.20948930850328445,0.2094893085032845,0.20948930850328443,0.9969332217157787,0.9966045607421802,0.9943277170634675,0.997139401040837,-0.6419567955800826,-0.6578168244187858,-0.6555748119853719,,,,0.995102227885629,0.9960151496943246,-0.9265619691218033,-0.9967197115817064,0.9960899149765251,-0.655736638733638,0.9951022278856291,0.9960899149765255,-0.6557366387336387,0.20614885696544064,0.111405211188175,0.42919768200033476,,-0.9163253508050859,-0.9244904300656912,-0.9905685707383732,0.7512252421089004,-0.6557366387336375,,,,-0.20948930850328432,-0.20948930850328468,-0.9756788901180523,-0.9797342588682134,-0.9909228169710698,,,,-0.84346203642775,,0.2725025650199118,0.272502565019912,,0.9960899149765254,0.8230170430406573,-0.04619979582943445,0.2094893085032845,-0.9026213200056807,,-0.9756788901180523,,,0.04622300984749372,,,,,,0.21684234763006072,-0.2265633451076921,1.0,-0.6440130340895044,0.18262209331218504,-0.9859418312839823,-0.983873180781429,-0.9595262509007938,0.9886413515062302,0.20948930850328448,0.20948930850328437,0.20948930850328443,0.9936936131637869,,0.1564113525292818,-0.9666196863304822,-0.9194029328461898,0.04622300984749374,-0.13840389468165804,,,,,,0.6074162922127865,,,,,,,,,,0.9980581586650492,-0.19016570106348699,,,,,0.21959671276194928,-0.9309872251641866,-0.9838731807814292,
,,,,,,-0.1398250235921073,-0.13982502359210672,,-0.1398250235921068,0.1398250235921068,-0.07135615880678237,,0.6015453060416815,,-0.6473515309183198,0.9978217434678525,,,,,,,0.3148897531209137,,,0.7073320974884472,,,0.07545996005061342,,,,,0.6119452204025451,,,,,,,,,,,,,,,,,,,,0.15373738401597908,,0.9931951386286163,0.5581209554708991,0.5581209554708992,0.5581209554708992,,,,0.5581209554708991,0.5581209554708992,,,-0.32698583273703014,0.1398250235921069,0.13982502359210697,-0.139825023592107,-0.139825023592107,-0.1398250235921069,-0.1398250235921069,,,-0.13982502359210694,-0.1398250235921068,-0.1398250235921069,-0.13982502359210694,-0.13982502359210697,-0.6539390871399813,-0.6509046508135113,-0.638786548717801,-0.6655472838747225,0.9901804699829516,0.9941039499248521,0.9958268818052337,,,,-0.6170824483515808,-0.6839955667384803,0.8842096491945597,0.635659702429381,-0.6473515309183199,0.9978217434678522,-0.6170824483515807,-0.6473515309183198,0.9978217434678524,-0.09529252056650009,-0.39307418156167223,-0.29956876852657627,,0.6096594115214099,0.5824128528361514,0.654829383029192,-0.9539543701655713,0.9978217434678528,,,,0.13982502359210683,0.13982502359210655,0.677643009174441,0.691733089921598,0.738411565397995,,,,0.38799157781416516,,-0.18188363814385997,-0.18188363814385988,,-0.6473515309183201,-0.5369947176581359,0.24557198558300586,-0.13982502359210702,0.5887062608615933,,0.677643009174441,,,-0.046509253502914134,,,,,,-0.14257557307317786,0.14553499435123862,-0.6440130340895044,1.0,-0.07135615880678234,0.7157348290219403,0.7073320974884473,0.6288481391003616,-0.6429727737509161,-0.13982502359210688,-0.13982502359210697,-0.139825023592107,-0.6455359939443084,,-0.11164371862665054,0.779549417130067,0.6015453060416814,-0.04650925350291419,0.13713650031310426,,,,,,0.21325267539058765,,,,,,,,,,-0.610886711699576,0.1272816502714745,,,,,-0.21954722442888042,0.9733105169416775,0.7073320974884474,
,,,,,,0.028170061889473092,0.028170061889472995,,0.02817006188947296,-0.028170061889473085,0.9999999999999999,,0.012359739229540919,,0.09511860415856951,-0.12884164602404952,,,,,,,-0.22266067216632385,,,-0.9986314190735257,,,-0.05019461207210154,,,,,-0.03253551155607927,,,,,,,,,,,,,,,,,,,,-0.5943198013861765,,-0.07201635233187685,-0.10153461651336165,-0.10153461651336168,-0.10153461651336171,,,,-0.10153461651336165,-0.10153461651336168,,,0.06587670009664456,-0.02817006188947297,-0.028170061889473016,0.028170061889472995,0.02817006188947299,0.028170061889472988,0.028170061889472974,,,0.028170061889472943,0.02817006188947294,0.028170061889472946,0.028170061889472988,0.028170061889472978,0.10832566670665758,0.10213456489521787,0.07913497095645308,0.13408549983023654,-0.1473472243381162,-0.1155287526243945,-0.12021931249489905,,,,0.09159214062708873,0.1129850899843603,-0.13917921287974794,-0.10635523900667526,0.09511860415856949,-0.1288416460240495,0.09159214062708872,0.09511860415856958,-0.12884164602404974,0.9994884742919772,-0.8283365208973159,-0.6624366116196582,,0.004958987802792239,0.02756220006667763,-0.08692935658730366,0.14677244066188458,-0.12884164602404957,,,,-0.028170061889472995,-0.028170061889473342,-0.9956331859702479,-0.9972518128600557,-0.9999731436338359,,,,-0.9049265378351811,,0.03664346489324853,0.03664346489324868,,0.09511860415856954,0.08330065664681173,-0.021801546640309106,0.02817006188947299,0.05301693889325998,,-0.9956331859702479,,,-0.13761847667789354,,,,,,0.0707984753730842,0.03335557313999963,0.18262209331218504,-0.07135615880678234,1.0,-0.9991854448906239,-0.9986314190735263,-0.9875486905473527,0.09543262503988041,0.028170061889473092,0.028170061889473103,0.028170061889473068,0.0943167794725729,,0.3285786237141394,-0.09060902375259168,0.012359739229541176,-0.13761847667789356,0.0029581160219967033,,,,,,0.0813131746539943,,,,,,,,,,0.23022298851208492,-0.0263578728836947,,,,,-0.2136977919705693,-0.877006738509271,-0.9986314190735261,
,,,,,,,,,,,-0.9991854448906236,,0.987961166093588,,0.9993945513692004,0.7782484266023074,,,,,,,0.8451429696768061,,,0.9999284934098929,,,0.8510944635834615,,,,,0.8481047290849059,,,,,,,,,,,,,,,,,,,,0.9844181014710361,,0.8034619911299606,,,,,,,,,,,,,,,,,,,,,,,,,0.9990181409526832,0.9992165867216448,0.999683963367879,,0.7782484266023075,0.7782484266023076,0.7782484266023075,,,,0.9973342351434235,0.9398548964425214,0.7575892919964804,-0.9984022892330933,0.9993945513691994,0.7782484266023074,0.9973342351434223,0.9993945513691992,0.7782484266023064,-0.9997998728130433,0.9409226603311022,0.7782484266023075,,0.9896182046409936,0.9793851662689239,0.9818737174482872,-0.7145229282249689,0.7782484266023075,,,,,,0.9985893081244929,0.9994291875495173,0.9994543588546674,,,,0.9213627961115164,,,,,0.9993945513691995,0.9993945513692004,0.7782484266023075,,0.9854272233881376,,0.9985893081244929,,,0.884038688780183,,,,,,-0.9991854448906236,0.9879611660935879,-0.9859418312839823,0.7157348290219403,-0.9991854448906239,1.0,0.9999284934098926,0.9930925153949867,0.9993945513691996,,,,0.9993945513692,,0.9906170802410253,0.837890307072798,0.987961166093588,0.8840386887801837,0.8058937299902781,,,,,,0.7569215503645863,,,,,,,,,,-0.998937671965217,0.9993945513692004,,,,,0.8707470979981646,0.8569031475978244,0.9999284934098924,
,,,,,,,,,,,-0.9986314190735257,,0.9860405003407622,,0.9997391597666704,0.7706832971463943,,,,,,,0.8386901834837558,,,1.0,,,0.8573120191851572,,,,,0.854380091524827,,,,,,,,,,,,,,,,,,,,0.9864505530337271,,0.7962849145860648,,,,,,,,,,,,,,,,,,,,,,,,,0.9994765061030765,0.9996184025323817,0.9999131075391782,,0.7706832971463944,0.7706832971463944,0.7706832971463943,,,,0.9963903164570547,0.9438724363723654,0.749729365243964,-0.9976551706116105,0.9997391597666694,0.7706832971463943,0.9963903164570534,0.9997391597666693,0.7706832971463933,-0.9994891445061075,0.9368059392777611,0.7706832971463943,,0.9878287352876265,0.97689947636712,0.9795369187719583,-0.7061054561417798,0.7706832971463943,,,,,,0.9991528796070592,0.9997617205070558,0.998987898124604,,,,0.9259452643889922,,,,,0.9997391597666695,0.9997391597666705,0.7706832971463943,,0.9833226302371902,,0.9991528796070592,,,0.8895650871246535,,,,,,-0.9986314190735258,0.9860405003407622,-0.983873180781429,0.7073320974884473,-0.9986314190735263,0.9999284934098926,1.0,0.9944246522819861,0.9997391597666696,,,,0.9997391597666699,,0.9889119018728354,0.8313029273691679,0.9860405003407622,0.8895650871246544,0.81291631338038,,,,,,0.7490524128941078,,,,,,,,,,-0.9983151682334783,0.9997391597666704,,,,,0.876565248611877,0.8506774858212719,1.0,
,,,,,,,,,,,-0.9875486905473523,,0.9629850331213125,,0.9965736116620791,0.6991920689617029,,,,,,,0.7765854295657106,,,0.9944246522819861,,,0.9068173421355218,,,,,0.9044133438459823,,,,,,,,,,,,,,,,,,,,0.9982506827472725,,0.7280566124312746,,,,,,,,,,,,,,,,,,,,,,,,,0.9973156821863569,0.9969580523373791,0.9957283294391474,,0.699192068961703,0.699192068961703,0.6991920689617029,,,,0.9818834647032536,0.9734410858203842,0.6757686855047536,-0.9848758300468233,0.996573611662078,0.6991920689617029,0.9818834647032525,0.996573611662078,0.6991920689617019,-0.9905464629797754,0.8946914486470515,0.6991920689617029,,0.9659190455096717,0.9489184182071454,0.9528523989456554,-0.6274991296474022,0.699192068961703,,,,,,0.9979217616248474,0.9964895525286637,0.9886750963706298,,,,0.960606642116515,,,,,0.9965736116620784,0.996573611662079,0.699192068961703,,0.9586621787987889,,0.9979217616248474,,,0.9327757046789924,,,,,,-0.9875486905473524,0.9629850331213123,-0.9595262509007938,0.6288481391003616,-0.9875486905473527,0.9930925153949867,0.9944246522819861,1.0,0.996573611662079,,,,0.9965736116620795,,0.9677387584678852,0.7680571875477977,0.9629850331213129,0.9327757046789942,0.8697957950112133,,,,,,0.6750147151732436,,,,,,,,,,-0.9866305718122308,0.9965736116620799,,,,,0.9224291801995732,0.7905010975196027,0.9944246522819867,
,,,,,,0.3280751159125039,0.328075115912503,,0.3280751159125032,-0.32807511591250327,0.09543262503987976,,-0.9240968544030482,,0.992434522435611,-0.6496183449021053,,,,,,,0.036386921696687155,0.97527655811411,-0.9724280063484592,0.9997391597666696,0.07423952381003071,-0.9212190962388734,-0.2028245429030877,,,,,0.27131273454519134,,,,,,,,,,,,,,,,,,,-0.38792551450426976,0.2614619839197208,,0.41425301506852164,-0.9967031278016593,-0.996703127801659,-0.996703127801659,,,,-0.9967031278016593,-0.996703127801659,,,0.3796142460745382,-0.32807511591250355,-0.3280751159125034,0.32807511591250343,0.3280751159125035,0.3280751159125033,0.3280751159125034,,,0.3280751159125031,0.32807511591250305,0.3280751159125033,0.3280751159125033,0.32807511591250343,0.992203750168391,0.9923791279463353,0.9919663175702921,0.990301365092698,-0.6339606439887963,-0.6529495251615091,-0.650410674704034,,,,0.9916428344396221,0.9909891934715037,-0.9198034372509515,-0.9921004035022514,0.992434522435611,-0.649618344902105,0.9916428344396221,0.9924345224356109,-0.6496183449021059,0.11919148688011615,0.18692422001297632,0.4907063506529635,,-0.920365839628199,-0.9305196963977853,-0.9875256284793302,0.7431217351987073,-0.6496183449021046,-0.35673647094941324,-0.3712956374533601,-0.416685319189534,-0.32807511591250316,-0.32807511591250366,0.999832134124002,0.9999994897910104,0.9977000363769692,,,,0.9343290037544556,,0.3586739731273188,0.35867397312731863,,0.9924345224356106,0.8888296519698782,0.07229276532500946,0.32807511591250343,-0.9107501305300745,,0.999832134124002,0.055981197723653224,-0.9230254342289116,-0.07659927971093007,,,,,,0.33145560304576477,-0.11276918668237775,0.9886413515062302,-0.6429727737509161,0.09543262503988041,0.9993945513691996,0.9997391597666696,0.996573611662079,1.0,0.32807511591250343,0.3280751159125035,0.3280751159125034,0.9816715658984492,,0.130528291162544,-0.9635750758538705,-0.9240968544030486,-0.07659927971093004,-0.26033193823402095,0.05598119772365313,-0.9230254342289116,0.9335629299475607,-0.9609233031702846,-0.9629985215595571,0.6009055449555264,,,,,,,,,,0.9823872771961598,-0.309305665692765,-0.38792551450426965,-0.38792551450426954,-0.3879255145042693,,0.10715739042421715,0.8384494941623046,0.9997391597666704,
,,,,,,1.0,0.9999999999999994,,0.9999999999999997,-1.0,0.028170061889474282,,-0.1928532645496615,,0.20961339660250797,-0.14149478261642004,,,,,,,4.892320077747542e-17,0.9752765581141103,-0.9724280063484589,,0.07423952381003118,-0.9212190962388733,-0.9618078995975502,,,,,,,,,,,,,,,,,,,,,,,,-0.38792551450426943,,,,-1.0,-1.0,-1.0,,,,-1.0,-1.0,,,-0.7483314773547887,-1.0,-1.0,1.0,0.9999999999999999,0.9999999999999998,0.9999999999999998,,,1.0,0.9999999999999997,1.0,1.0,0.9999999999999999,0.20988703696800423,0.2097737161268711,0.20911636697312241,0.21009029257555623,-0.1382662539392348,-0.14198649917983994,-0.14214846311870669,,,,0.20922394989619655,0.20988367967541496,-0.19670696295154758,-0.20974489394553594,0.20961339660250794,-0.14149478261641996,0.2092239498961965,0.20961339660250797,-0.14149478261641965,0.03327783667178702,0.03664869666811004,0.10000000000000007,,-0.19213120609213885,-0.1940778195957379,-0.2084264810175511,0.16021582365815304,-0.14149478261642,-0.3567364709494129,-0.37129563745335975,-0.4166853191895335,-1.0,-1.0,,,,,,,,,0.7585686508908871,0.758568650890887,,0.20961339660250775,0.7244779471968966,0.9251919063909128,0.9999999999999998,-0.18957870353264253,,,0.05598119772365368,-0.9230254342289114,-0.9516624182824478,,,,,,0.99908917784206,0.8876628236040898,0.20948930850328448,-0.13982502359210688,0.028170061889473092,,,,0.32807511591250343,1.0,1.0,1.0,0.14202980705394094,,0.03498962344526673,-0.20408061125591417,-0.19285326454966148,-0.9516624182824478,-0.9179515142139922,0.05598119772365365,-0.9230254342289113,0.9335629299475608,-0.9609233031702846,-0.962998521559557,0.12314448060404366,,,,,,,,,,0.20835739545131002,-0.9998039392925491,-0.3879255145042693,-0.38792551450426904,-0.3879255145042689,,-0.8633949308178628,,,
,,,,,,1.0,0.9999999999999993,,0.9999999999999999,-1.0,0.028170061889474268,,-0.19285326454966145,,0.2096133966025079,-0.14149478261641987,,,,,,,3.695915963831665e-17,0.9752765581141102,-0.972428006348459,,0.0742395238100312,-0.9212190962388735,-0.9618078995975501,,,,,,,,,,,,,,,,,,,,,,,,-0.3879255145042693,,,,-0.9999999999999999,-1.0,-0.9999999999999999,,,,-0.9999999999999999,-1.0,,,-0.7483314773547883,-1.0,-0.9999999999999999,0.9999999999999998,0.9999999999999997,1.0,1.0,,,0.9999999999999999,1.0,0.9999999999999999,1.0,1.0,0.20988703696800415,0.20977371612687115,0.20911636697312233,0.2100902925755561,-0.1382662539392348,-0.1419864991798398,-0.14214846311870658,,,,0.20922394989619642,0.209883679675415,-0.19670696295154766,-0.2097448939455359,0.20961339660250788,-0.14149478261641987,0.2092239498961964,0.209613396602508,-0.1414947826164196,0.033277836671787006,0.03664869666811003,0.10000000000000002,,-0.19213120609213885,-0.1940778195957379,-0.20842648101755096,0.16021582365815296,-0.14149478261641996,-0.35673647094941285,-0.3712956374533598,-0.41668531918953344,-1.0,-1.0,,,,,,,,,0.7585686508908871,0.7585686508908868,,0.20961339660250788,0.7244779471968966,0.9251919063909132,1.0,-0.18957870353264253,,,0.055981197723653696,-0.9230254342289114,-0.9516624182824478,,,,,,0.9990891778420595,0.8876628236040898,0.20948930850328437,-0.13982502359210697,0.028170061889473103,,,,0.3280751159125035,1.0,1.0,1.0,0.14202980705394092,,0.034989623445266745,-0.20408061125591412,-0.19285326454966137,-0.9516624182824478,-0.9179515142139925,0.055981197723653654,-0.9230254342289114,0.933562929947561,-0.9609233031702842,-0.9629985215595573,0.12314448060404366,,,,,,,,,,0.20835739545130985,-0.9998039392925486,-0.3879255145042692,-0.387925514504269,-0.38792551450426876,,-0.8633949308178629,,,
,,,,,,1.0,0.9999999999999997,,0.9999999999999993,-1.0,0.02817006188947421,,-0.19285326454966148,,0.20961339660250794,-0.14149478261641985,,,,,,,6.287375390842706e-17,0.9752765581141102,-0.972428006348459,,0.07423952381003117,-0.9212190962388737,-0.96180789959755,,,,,,,,,,,,,,,,,,,,,,,,-0.3879255145042694,,,,-1.0,-1.0,-1.0,,,,-1.0,-1.0,,,-0.7483314773547883,-1.0,-0.9999999999999998,0.9999999999999999,0.9999999999999999,1.0,1.0,,,1.0,0.9999999999999998,0.9999999999999998,0.9999999999999999,1.0,0.20988703696800404,0.2097737161268712,0.20911636697312236,0.21009029257555595,-0.13826625393923472,-0.1419864991798398,-0.14214846311870655,,,,0.20922394989619642,0.2098836796754149,-0.19670696295154763,-0.2097448939455358,0.2096133966025079,-0.14149478261641993,0.20922394989619647,0.2096133966025079,-0.14149478261641965,0.03327783667178696,0.03664869666811007,0.09999999999999996,,-0.19213120609213882,-0.19407781959573783,-0.20842648101755099,0.1602158236581528,-0.14149478261641993,-0.3567364709494128,-0.3712956374533598,-0.4166853191895334,-1.0,-1.0,,,,,,,,,0.7585686508908874,0.7585686508908871,,0.2096133966025078,0.7244779471968967,0.9251919063909129,1.0,-0.18957870353264236,,,0.05598119772365365,-0.9230254342289116,-0.9516624182824479,,,,,,0.9990891778420596,0.88766282360409,0.20948930850328443,-0.139825023592107,0.028170061889473068,,,,0.3280751159125034,1.0,1.0,1.0,0.1420298070539409,,0.03498962344526673,-0.20408061125591415,-0.19285326454966126,-0.951662418282448,-0.9179515142139921,0.05598119772365365,-0.9230254342289116,0.9335629299475607,-0.9609233031702847,-0.9629985215595569,0.12314448060404368,,,,,,,,,,0.20835739545130993,-0.9998039392925488,-0.38792551450426926,-0.38792551450426915,-0.3879255145042688,,-0.8633949308178628,,,
,,,,,,0.14202980705394141,0.1420298070539408,,0.14202980705394086,-0.14202980705394078,0.09431677947257189,,-0.9294163059305381,,0.997643289723048,-0.6521627514458388,,,,,,,0.042173872894157756,-0.9752765581141102,0.9724280063484586,0.99973915976667,-0.074239523810032,0.921219096238873,0.005319335812464724,,,,,0.2713127345451912,,,,,,,,,,,,,,,,,,,0.3879255145042685,0.2614619839197212,,0.41425301506852197,-0.9955666257159118,-0.9955666257159117,-0.9955666257159117,,,,-0.9955666257159118,-0.9955666257159117,,,0.5487560139893287,-0.14202980705394105,-0.14202980705394103,0.14202980705394108,0.14202980705394105,0.14202980705394094,0.14202980705394086,,,0.14202980705394092,0.14202980705394083,0.14202980705394083,0.14202980705394092,0.14202980705394097,0.9973462666733227,0.9975529001055643,0.9972529508934898,0.9953118278356254,-0.6364070232900835,-0.655554158703411,-0.6528611239081339,,,,0.9968922814380763,0.9960742589823286,-0.9241399354792509,-0.9972666507789019,0.997643289723048,-0.6521627514458389,0.9968922814380763,0.9976432897230483,-0.6521627514458396,0.11818225562752149,0.18847659644845102,0.4940167201876207,,-0.9256523989577511,-0.9358994930411304,-0.992738914103674,0.7463642741043365,-0.6521627514458385,0.3567364709494121,0.371295637453359,0.4166853191895325,-0.1420298070539407,-0.14202980705394108,0.9998321341240025,0.9999994897910107,0.9977000363769694,,,,0.9343290037544558,,0.22280113898103474,0.22280113898103465,,0.9976432897230485,0.7852076020952138,-0.11090190987646441,0.14202980705394097,-0.9160914443608802,,0.9998321341240025,-0.055981197723654515,0.923025434228911,0.13566158968793235,,,,,,0.14575583881564655,-0.2972494955768268,0.9936936131637869,-0.6455359939443084,0.0943167794725729,0.9993945513692,0.9997391597666699,0.9965736116620795,0.9816715658984492,0.14202980705394094,0.14202980705394092,0.1420298070539409,1.0,,0.12971628829647058,-0.9685188609356963,-0.9294163059305385,0.13566158968793238,-0.06507501311997708,-0.05598119772365456,0.9230254342289109,-0.9335629299475608,0.9609233031702844,0.9629985215595568,0.6048206878466912,,,,,,,,,,0.9873685806746495,-0.12240161124105817,0.3879255145042684,0.38792551450426815,0.387925514504268,,0.30871762930466096,0.8384494941623042,0.9997391597666699,
,,,,,,,,,,,,,,,,,,,,,,,,,,,,,,,,,,,,,,,,,,,,,,,,,,,,,,,,,,,,,,,,,,,,,,,,,,,,,,,,,,,,,,,,,,,,,,,,,,,,,,,,,,,,,,,,,,,,,,,,,,,,,,,,,,,,,,,,,,,,,,,,,,,,,,,,,,,,,,,,,,,,,,,,,,,,,,,,,,,,,,,
,,,,,,0.03498962344526682,0.03498962344526675,,0.034989623445266675,-0.0349896234452666,0.32857862371413965,,0.23749932928348982,,0.1305588864256794,-0.12829375110602276,,,,,,,-0.07391890652397243,,,0.9889119018728354,,,0.09456929302046792,,,,,0.5708640630336007,,,,,,,,,,,,,,,,,,,,0.36076437548409973,,-0.05233063219059378,-0.12638282797787764,-0.1263828279778776,-0.1263828279778776,,,,-0.12638282797787764,-0.1263828279778776,,,0.08182448939026171,-0.034989623445266724,-0.03498962344526674,0.03498962344526676,0.034989623445266765,0.03498962344526675,0.03498962344526675,,,0.034989623445266724,0.03498962344526669,0.03498962344526674,0.034989623445266745,0.03498962344526672,0.1427348997088564,0.13702934446386483,0.11578554729954658,0.16654564576172778,-0.05026245822411363,-0.18229480624585642,-0.13414905215759182,,,,0.12823482157134033,0.1456818992693547,-0.15489956584670328,-0.14196928459176833,0.13055888642567925,-0.1282937511060227,0.12823482157134022,0.13055888642567937,-0.12829375110602306,0.3353643703340594,-0.0892819871818483,-0.08371980717054042,,0.24629349937150982,0.21684676034092046,-0.042205824068389575,-0.029716871334756773,-0.12829375110602265,,,,-0.03498962344526673,-0.03498962344526609,0.9819628987504723,0.9854345947384308,0.9945906691137478,,,,0.8595948463026861,,0.0455143138618291,0.045514313861829095,,0.13055888642567925,0.11221750944993161,-0.01491219125076075,0.034989623445266745,0.27160455860067423,,0.9819628987504723,,,0.018858287764985448,,,,,,0.048942025043019255,0.14568515868749024,0.1564113525292818,-0.11164371862665054,0.3285786237141394,0.9906170802410253,0.9889119018728354,0.9677387584678852,0.130528291162544,0.03498962344526673,0.034989623445266745,0.03498962344526673,0.12971628829647058,,1.0,-0.016778222820599705,0.23749932928348988,0.018858287764985514,0.12866639280054437,,,,,,0.07126743973083016,,,,,,,,,,0.169709318285836,-0.0324873453507341,,,,,-0.11009835991914808,0.919311520724327,0.9889119018728354,
,,,,,,-0.20408061125591467,-0.204080611255914,,-0.20408061125591417,0.20408061125591404,-0.09060902375259092,,0.9473491527841605,,-0.9708474258660557,0.7842949745599841,,,,,,,0.07701563629630902,,,0.8313029273691679,,,0.07528740313029361,,,,,0.680005141207755,,,,,,,,,,,,,,,,,,,,0.2836955991811539,,0.7171084914895423,0.9512871368336252,0.9512871368336254,0.9512871368336252,,,,0.9512871368336252,0.9512871368336254,,,-0.47724982912689506,0.20408061125591423,0.20408061125591426,-0.2040806112559142,-0.20408061125591415,-0.20408061125591412,-0.2040806112559142,,,-0.204080611255914,-0.2040806112559142,-0.20408061125591415,-0.20408061125591423,-0.20408061125591428,-0.9715479660533755,-0.9712882969849037,-0.9692377239747161,-0.9713947691444115,0.7795819310103537,0.778438018852031,0.7855673746866325,,,,-0.9623608476422166,-0.9783119172333286,0.9727087692915994,0.9666733678128554,-0.9708474258660553,0.7842949745599836,-0.9623608476422164,-0.9708474258660559,0.7842949745599846,-0.11594907279471141,-0.2428217330009963,-0.48200097267324854,,0.9484933363913264,0.9427342807901299,0.9805249832270249,-0.8684765344783474,0.7842949745599841,,,,0.20408061125591406,0.20408061125591417,0.8077253813834615,0.8189718971862412,0.855462200594897,,,,0.5598314306238737,,-0.26546696075039183,-0.2654669607503917,,-0.9708474258660557,-0.8021028756532823,0.10078094077899917,-0.2040806112559142,0.9356579753808953,,0.8077253813834615,,,-0.0486573185398428,,,,,,-0.20751723182924947,0.24496923968766776,-0.9666196863304822,0.779549417130067,-0.09060902375259168,0.837890307072798,0.8313029273691679,0.7680571875477977,-0.9635750758538705,-0.20408061125591417,-0.20408061125591412,-0.20408061125591415,-0.9685188609356963,,-0.016778222820599705,1.0,0.9473491527841605,-0.048657318539842793,0.13787686831208912,,,,,,-0.4296306907059221,,,,,,,,,,-0.9527215720186386,0.18524628999035972,,,,,-0.22298063858776102,0.9993583545022717,0.8313029273691678,
,,,,,,-0.19285326454966178,-0.19285326454966117,,-0.19285326454966134,0.19285326454966123,0.012359739229542163,,1.0,,-0.9314437483228463,0.6022926705054805,,,,,,,-0.055373421929164036,,,0.9860405003407621,,,0.07724410707824868,,,,,0.5333307418245534,,,,,,,,,,,,,,,,,,,,0.33387935899817117,,-0.08658952551298665,0.8676903975825215,0.8676903975825215,0.8676903975825214,,,,0.8676903975825215,0.8676903975825215,,,-0.4509942761660687,0.1928532645496615,0.1928532645496615,-0.19285326454966148,-0.1928532645496615,-0.19285326454966142,-0.19285326454966134,,,-0.1928532645496613,-0.19285326454966123,-0.19285326454966134,-0.19285326454966142,-0.19285326454966142,-0.9273952905259668,-0.9293614202370608,-0.9355899984627665,-0.9179541909596055,0.6174380738217365,0.5839555941495832,0.6022320189395081,,,,-0.9310843796874078,-0.9256114713040619,0.8555772387139261,0.92734742450531,-0.931443748322846,0.6022926705054804,-0.9310843796874078,-0.9314437483228463,0.6022926705054811,-0.008699681725019372,-0.21219238767506768,-0.5079617235906262,,0.999699440785705,0.9984524888820373,0.960439247590256,-0.7540715501197219,0.6022926705054806,,,,0.19285326454966117,0.19285326454966176,0.9783530918213413,0.9821709068275019,0.9925319121983408,,,,0.8501373843469731,,-0.250862488580998,-0.25086248858099797,,-0.9314437483228463,-0.7678499815588659,0.04200562259847859,-0.19285326454966129,0.9988715631633829,,0.9783530918213413,,,-0.044850365160680514,,,,,,-0.19191808732401908,0.2806607394263024,-0.9194029328461898,0.6015453060416814,0.012359739229541176,0.987961166093588,0.9860405003407622,0.9629850331213129,-0.9240968544030486,-0.19285326454966148,-0.19285326454966137,-0.19285326454966126,-0.9294163059305385,,0.23749932928348988,0.9473491527841605,1.0,-0.044850365160680514,0.13856109558723576,,,,,,-0.5591861102620148,,,,,,,,,,-0.908633535521019,0.17477144868165712,,,,,-0.217673094444375,0.9263324669885292,0.9860405003407621,
,,,,,,-0.9516624182824479,-0.9516624182824476,,-0.9516624182824479,0.9516624182824478,-0.13761847667789487,,-0.044850365160680486,,0.05974629057047611,-0.04312101422157727,,,,,,,0.3357639306480981,-0.9513060771431913,0.97285658043958,0.8895650871246543,-0.016013088751899926,0.9226854250649014,0.9783838047205374,0.912277118268539,0.4436526196996506,0.5235520140771803,0.7638085331177122,0.9974065660262755,,,,,,,,,,,,,,,,0.8508453771393878,0.7553650002189313,0.4273550296036838,0.43466079062648727,0.9524554405900242,,0.4320138910056468,0.9072857415890679,0.9072857415890678,0.907285741589068,,,,0.9072857415890679,0.9072857415890678,,,0.9026592869895039,0.9516624182824479,0.951662418282448,-0.9516624182824478,-0.951662418282448,-0.9516624182824482,-0.9516624182824482,,,-0.9516624182824476,-0.9516624182824481,-0.9516624182824477,-0.9516624182824479,-0.9516624182824478,0.05721210996260845,0.05839919633591915,0.06282117484528911,0.05233124364270294,-0.0364042264700922,-0.04780398216914207,-0.04390210408395513,,,,0.06093918908888814,0.05590072647429369,-0.04806881836118296,-0.057876114066168896,0.05974629057047625,-0.04312101422157741,0.0609391890888883,0.05974629057047613,-0.04312101422157824,-0.1382949991870082,0.11146634230841869,0.07845254709495358,,-0.04288941495052899,-0.04901437791545542,-0.0506210404845575,0.03633881016641775,-0.043121014221577325,0.4086062044135726,0.42096187557184606,0.45690000147845544,0.9516624182824477,0.9516624182824485,0.9076102997334721,0.8993247618336283,0.8681176193919066,0.7736465236992438,0.7537191722676341,0.5662044181306535,0.9962058241416627,,-0.5475662366666586,-0.5475662366666584,,0.059746290570476125,-0.5502865349077575,-0.9463192457240788,-0.9516624182824477,-0.04833229076030661,,0.9076102997334721,0.005254642993640887,0.928971841053277,1.0,,0.43976025747518793,,,,-0.9584372868140779,-0.9514195455583104,0.04622300984749374,-0.04650925350291419,-0.13761847667789356,0.8840386887801837,0.8895650871246544,0.9327757046789942,-0.07659927971093004,-0.9516624182824478,-0.9516624182824478,-0.951662418282448,0.13566158968793238,,0.018858287764985514,-0.048657318539842793,-0.044850365160680514,1.0,0.925637870286143,0.005254642993641005,0.928971841053277,-0.916980460156365,0.9448043775545321,0.9470158776183673,-0.004230173559511878,,,,0.4397602574751891,0.41245792038508783,,,,,0.03807025759944656,0.9558847708550011,0.4346607906264871,0.4346607906264871,0.4346607906264868,0.7638085331177132,0.9719185486130184,0.5165942990544924,0.8895650871246533,
,,,,,,-0.9179515142139923,-0.9179515142139922,,-0.9179515142139925,0.9179515142139922,0.002958116021995639,,0.13856109558723578,,-0.1359360277539274,0.13717230236376238,,,,,,,0.3111727960805146,-0.8383744979377018,0.9051049073741254,0.81291631338038,-0.050294123042234976,0.8382425349902052,0.9823636714221269,0.8566996407983835,0.4469451251421061,0.46081901514269896,0.7690638981463646,0.9971727302999548,,,,,,,,,,,,,,,,0.8299820486476086,0.7301058188877712,0.38631876925697617,0.36662581466596716,0.897446425183732,,0.2950183498286086,0.7990261797940741,0.7990261797940741,0.7990261797940741,,,,0.7990261797940741,0.7990261797940741,,,0.7545167278122841,0.9179515142139923,0.9179515142139919,-0.9179515142139921,-0.9179515142139923,-0.9179515142139922,-0.9179515142139922,,,-0.9179515142139922,-0.9179515142139925,-0.9179515142139922,-0.9179515142139923,-0.9179515142139921,-0.13652873959801806,-0.1362579561005618,-0.13514077208456177,-0.13752184460644093,0.13528941667913488,0.1377133121891404,0.1373098423517844,,,,-0.13563380455887536,-0.13678813100686768,0.13763975268337292,0.1363853764260008,-0.13593602775392732,0.13717230236376224,-0.13563380455887522,-0.13593602775392738,0.13717230236376143,-0.0013792529308472587,-0.07461584066088792,-0.07033319914792362,,0.13875665228245565,0.13803808988555102,0.13780407335961484,-0.1327491634938392,0.13717230236376235,0.34480422700657204,0.3552738573713093,0.3839215689155811,0.9179515142139925,0.9179515142139931,0.8361940536806906,0.8254353559663096,0.7858982195130093,0.7780873407127966,0.7597518717834831,0.5906485269307132,0.9726565199223112,,-0.5495834160114833,-0.5495834160114829,,-0.13593602775392744,-0.6611883482744617,-0.8263244676516746,-0.9179515142139923,0.13814026587560832,,0.8361940536806906,-0.027417162485111803,0.8456603761318494,0.925637870286143,,0.39748045233827023,,,,-0.9184003687401927,-0.8320811594922637,-0.13840389468165804,0.13713650031310426,0.0029581160219967033,0.8058937299902781,0.81291631338038,0.8697957950112133,-0.26033193823402095,-0.9179515142139922,-0.9179515142139925,-0.9179515142139921,-0.06507501311997708,,0.12866639280054437,0.13787686831208912,0.13856109558723576,0.925637870286143,1.0,-0.027417162485111647,0.8456603761318492,-0.8506962924328949,0.8671944833035419,0.8713710337760681,0.10890067499993374,,,,0.3974804523382701,0.3729727766755371,,,,,-0.1392399050084872,0.9185456038949099,0.36662581466596705,0.366625814665967,0.3666258146659667,0.7690638981463652,0.9034915950532131,0.385379188294535,0.8129163133803801,
,,,,,,0.055981197723653536,0.05598119772365364,,0.05598119772365365,-0.055981197723653384,,,,,,,,,,,,,0.29545499323139596,0.14519774503176125,0.03296368240617143,,0.9954670722208172,0.19388516895218685,-0.024283345070993802,0.5490289518576505,0.674258006716048,0.5408104585536178,0.5779262969804939,,,,,,,,,,,,,,,,,0.6414084038534118,0.5544072763462761,0.4353750180326041,0.8808508008059104,,,,,,,,,,,,,,-0.05598119772365362,-0.05598119772365363,-0.055981197723653654,0.055981197723653654,0.05598119772365359,0.055981197723653606,0.05598119772365366,,,0.05598119772365368,0.05598119772365366,0.055981197723653654,0.05598119772365366,0.055981197723653627,,,,,,,,,,,,,,,,,,,,,,,,,,,,,0.9059112840526717,0.896024120774111,0.8416282600453792,-0.055981197723653606,-0.055981197723651656,,,,0.5920520102019226,0.5636418389297911,0.282814151905969,,,0.019408118174029133,0.019408118174028908,,,0.05598119772365366,0.05598119772365362,0.055981197723653654,,,,1.0,0.2227194854422888,0.005254642993641005,,0.452223409618597,,,,0.05598119772365364,0.05598119772365365,,,,,,,0.05598119772365313,0.05598119772365365,0.055981197723653654,0.05598119772365365,-0.05598119772365456,,,,,0.005254642993641005,-0.027417162485111647,1.0,0.2227194854422888,0.19263142436727118,-0.11726398893261719,-0.12928951975333414,,,,,0.452223409618597,0.4149901480559439,,,,,,-0.05598119772365367,0.8808508008059107,0.8808508008059104,0.8808508008059102,0.577926296980494,-0.024283345070993983,,,
,,,,,,-0.9230254342289114,-0.9230254342289113,,-0.9230254342289115,0.9230254342289115,,,,,,,,,,,,,0.28369096569127655,-0.8846568261154067,0.9311103843064883,,0.2104619784971493,0.9961766199604133,0.8993612307137655,0.18749407565729498,0.6929999835495751,0.24602549751622596,0.32447997112356286,,,,,,,,,,,,,,,,,0.5274889353906771,0.5000865906530609,0.39545184319390325,0.649303890461866,,,,,,,,,,,,,,0.9230254342289114,0.9230254342289114,0.9230254342289114,-0.9230254342289113,-0.9230254342289116,-0.9230254342289115,-0.9230254342289118,,,-0.9230254342289114,-0.9230254342289116,-0.9230254342289113,-0.9230254342289114,-0.9230254342289111,,,,,,,,,,,,,,,,,,,,,,,,,,,,,0.6137075108763476,0.6306968389294426,0.6787491047272483,0.9230254342289113,0.9230254342289123,,,,0.33421454171746995,0.31482628515895483,-0.04250292629853089,,,-0.6378518833795117,-0.6378518833795116,,,-0.9230254342289114,-0.923025434228911,-0.9230254342289114,,,,0.2227194854422888,1.0,0.928971841053277,,0.40856191477413584,,,,-0.923025434228911,-0.9230254342289115,,,,,,,-0.9230254342289116,-0.9230254342289113,-0.9230254342289114,-0.9230254342289116,0.9230254342289109,,,,,0.928971841053277,0.8456603761318492,0.2227194854422888,1.0,-0.9034737784296204,0.9386667169023347,0.9365426056842615,,,,,0.40856191477413595,0.3792213414736408,,,,,,0.9230254342289113,0.6493038904618659,0.6493038904618655,0.6493038904618657,0.3244799711235636,0.8993612307137657,,,
,,,,,,0.9335629299475607,0.933562929947561,,0.9335629299475606,-0.933562929947561,,,,,,,,,,,,,-0.1257346798021946,0.9421764435442032,-0.911354632987135,,0.20082013024610493,-0.9028654532729136,-0.900949499767727,0.277507782523854,0.10757139740728848,0.20362300462101893,0.4274904879466433,,,,,,,,,,,,,,,,,0.21074156670274802,0.1050724411431392,0.08602369359878258,-0.27897351449871355,,,,,,,,,,,,,,-0.933562929947561,-0.9335629299475607,-0.933562929947561,0.9335629299475607,0.9335629299475608,0.933562929947561,0.9335629299475607,,,0.9335629299475606,0.933562929947561,0.9335629299475607,0.933562929947561,0.9335629299475608,,,,,,,,,,,,,,,,,,,,,,,,,,,,,-0.232612431051403,-0.2538435524011386,-0.3253390832923933,-0.9335629299475604,-0.9335629299475608,,,,0.43490514741377134,0.4197234497897503,0.4747815149235795,,,0.6087612818161029,0.6087612818161027,,,0.9335629299475608,0.9335629299475608,0.9335629299475611,,,,0.19263142436727118,-0.9034737784296204,-0.916980460156365,,0.09340173300365533,,,,0.9335629299475607,0.9335629299475606,,,,,,,0.9335629299475607,0.9335629299475608,0.933562929947561,0.9335629299475607,-0.9335629299475608,,,,,-0.916980460156365,-0.8506962924328949,0.19263142436727118,-0.9034737784296204,1.0,-0.9740374394404235,-0.9815265926543059,,,,,0.09340173300365537,0.07759594220011855,,,,,,-0.9335629299475611,-0.27897351449871355,-0.27897351449871355,-0.2789735144987132,0.42749048794664324,-0.900949499767727,,,
,,,,,,-0.9609233031702842,-0.9609233031702845,,-0.9609233031702847,0.9609233031702846,,,,,,,,,,,,,0.17461716359034918,-0.948951282224696,0.9359139575881165,,-0.13108462165948848,0.9465345910928084,0.922278325912677,-0.29806763333533653,-0.12723217773710666,-0.18982521505931113,-0.4277688837671157,,,,,,,,,,,,,,,,,-0.27973520088378123,-0.19364605621543357,-0.14875338489676754,0.35526593559123043,,,,,,,,,,,,,,0.9609233031702844,0.9609233031702846,0.9609233031702846,-0.9609233031702842,-0.9609233031702847,-0.9609233031702844,-0.9609233031702847,,,-0.9609233031702845,-0.9609233031702847,-0.9609233031702845,-0.9609233031702846,-0.9609233031702845,,,,,,,,,,,,,,,,,,,,,,,,,,,,,0.3142386412263645,0.3332121711280651,0.39460756162586424,0.9609233031702846,0.9609233031702847,,,,-0.4367510212068098,-0.41844827422999636,-0.4545379822269085,,,-0.6526994182643394,-0.6526994182643391,,,-0.9609233031702844,-0.9609233031702842,-0.9609233031702845,,,,-0.11726398893261719,0.9386667169023347,0.9448043775545321,,-0.15710543140934105,,,,-0.9609233031702845,-0.9609233031702847,,,,,,,-0.9609233031702846,-0.9609233031702846,-0.9609233031702842,-0.9609233031702847,0.9609233031702844,,,,,0.9448043775545321,0.8671944833035419,-0.11726398893261719,0.9386667169023347,-0.9740374394404235,1.0,0.9992628081103461,,,,,-0.15710543140934152,-0.1391111407126736,,,,,,0.9609233031702844,0.3552659355912303,0.35526593559123015,0.3552659355912299,-0.42776888376711586,0.9222783259126773,,,
,,,,,,-0.9629985215595569,-0.9629985215595566,,-0.9629985215595568,0.9629985215595571,,,,,,,,,,,,,0.16379416413794265,-0.9534194411350618,0.9378133224936149,,-0.14227419680541054,0.942848281008611,0.9257283899034828,-0.292154408866889,-0.12434093714931921,-0.19261010015384036,-0.4279351133051418,,,,,,,,,,,,,,,,,-0.27117563390894356,-0.1826775969768037,-0.14100819416622837,0.34463414362189804,,,,,,,,,,,,,,0.9629985215595567,0.9629985215595568,0.962998521559557,-0.9629985215595569,-0.9629985215595572,-0.9629985215595571,-0.9629985215595572,,,-0.9629985215595571,-0.9629985215595573,-0.9629985215595569,-0.9629985215595567,-0.9629985215595567,,,,,,,,,,,,,,,,,,,,,,,,,,,,,0.30269705103701233,0.322057719746332,0.38515810990483484,0.9629985215595568,0.9629985215595571,,,,-0.4367225854015001,-0.41880683020297604,-0.45766301321501734,,,-0.6482291108786307,-0.6482291108786307,,,-0.9629985215595569,-0.9629985215595567,-0.962998521559557,,,,-0.12928951975333414,0.9365426056842615,0.9470158776183673,,-0.14922577246215518,,,,-0.9629985215595568,-0.9629985215595568,,,,,,,-0.9629985215595571,-0.962998521559557,-0.9629985215595573,-0.9629985215595569,0.9629985215595568,,,,,0.9470158776183673,0.8713710337760681,-0.12928951975333414,0.9365426056842615,-0.9815265926543059,0.9992628081103461,1.0,,,,,-0.1492257724621551,-0.13153382705910271,,,,,,0.9629985215595571,0.34463414362189815,0.3446341436218979,0.3446341436218977,-0.42793511330514167,0.9257283899034829,,,
,,,,,,0.12314448060404386,0.12314448060404355,,0.12314448060404355,-0.12314448060404358,0.08131317465399346,,-0.5591861102620146,,0.6059767836195634,0.2011024391947428,,,,,,,0.4622787268253778,,,0.7490524128941078,,,0.07145100164150156,,,,,0.6021241507033218,,,,,,,,,,,,,,,,,,,,0.15023052797961678,,0.9962720531656653,-0.479021985677084,-0.47902198567708393,-0.479021985677084,,,,-0.479021985677084,-0.47902198567708393,,,0.28797778468284974,-0.12314448060404368,-0.12314448060404376,0.12314448060404369,0.12314448060404369,0.12314448060404361,0.12314448060404368,,,0.12314448060404362,0.12314448060404364,0.1231444806040437,0.1231444806040437,0.12314448060404365,0.599456873398474,0.6025442814127908,0.6135179562121152,0.586150264699909,0.21323093429529721,0.19301543054220638,0.19801952936054693,,,,0.6364729108210263,0.5666530400553804,-0.26654834327022,-0.6183709119553069,0.6059767836195633,0.20110243919474277,0.6364729108210263,0.6059767836195634,0.20110243919474177,0.0870777963420406,-0.19066795379250687,0.30531940983407424,,-0.5461120904398789,-0.5870350715489717,-0.5910409832331887,-0.03554884095695196,0.2011024391947429,,,,-0.12314448060404341,-0.12314448060404425,0.7211539429440743,0.7344120281007389,0.7780938740488269,,,,0.44337922617509257,,0.1601856776004421,0.1601856776004421,,0.6059767836195633,0.4982073922085014,0.1977059311854995,0.1231444806040437,-0.5538554221403423,,0.7211539429440743,,,-0.004230173559511878,,,,,,0.12635532637478675,-0.14197205711741592,0.6074162922127865,0.21325267539058765,0.0813131746539943,0.7569215503645863,0.7490524128941078,0.6750147151732436,0.6009055449555264,0.12314448060404366,0.12314448060404366,0.12314448060404368,0.6048206878466912,,0.07126743973083016,-0.4296306907059221,-0.5591861102620148,-0.004230173559511878,0.10890067499993374,,,,,,1.0,,,,,,,,,,0.6355064552143259,-0.1113714497817489,,,,,-0.12842744089348007,0.9854759333890789,0.749052412894108,
,,,,,,,,,,,,,,,,,,,,,,,0.8032783256757683,,,,,,,,,,,,0.43317944763047406,-0.25894368928955275,0.6004973950803513,0.6606019697443406,0.39545097500664345,0.39297691213581987,0.7216662876008871,0.8929869893952601,0.7206455580090558,0.8802335310537855,0.4391408494318956,0.4391408494318955,0.43914084943189563,0.9973015570155731,0.829312221872408,,,,,,0.4391408494318956,,,,,,,,,,,,,,,,,,,,,,,,,,,,,,,,,,,,,,,,,,,,,,,,,,,,,,,,,,,,,,,,,,,,,,,,,,,,,,,,1.0,,,,,,,,,,,,,,,,,,,,,,,,,,,,,,1.0,0.9993513319653378,0.989265251549643,,,,,,,,,,,,,,,,
,,,,,,,,,,,,,,,,,,,,,,,0.823189633338584,,,,,,,,,,,,0.4259388449986161,-0.28270347483420655,0.5985230409960011,0.6558588032738041,0.3767899910882171,0.3789346331827191,0.7144912697858664,0.8957904913171647,0.7142058717423286,0.8922586747280689,0.4234439229151791,0.42344392291517907,0.4234439229151792,0.9992983153241397,0.8403342077324563,,,,,,0.4234439229151791,,,,,,,,,,,,,,,,,,,,,,,,,,,,,,,,,,,,,,,,,,,,,,,,,,,,,,,,,,,,,,,,,,,,,,,,,,,,,,,,0.9993513319653378,,,,,,,,,,,,,,,,,,,,,,,,,,,,,,0.9993513319653378,1.0,0.9938830398622639,,,,,,,,,,,,,,,,
,,,,,,,,,,,,,,,,,,,,,,,0.8786064185665481,,,,,,,,,,,,0.3999929989889144,-0.3508137213193088,0.5904516292123,0.6378410503198891,0.3190429543478264,0.3359551711109373,0.6863054752527483,0.8984284154637541,0.6880825721941042,0.9211847374243096,0.37309515748891836,0.3730951574889184,0.3730951574889184,0.9973209209366234,0.865495520275933,,,,,,0.37309515748891836,,,,,,,,,,,,,,,,,,,,,,,,,,,,,,,,,,,,,,,,,,,,,,,,,,,,,,,,,,,,,,,,,,,,,,,,,,,,,,,,0.989265251549643,,,,,,,,,,,,,,,,,,,,,,,,,,,,,,0.989265251549643,0.9938830398622639,1.0,,,,,,,,,,,,,,,,
,,,,,,,,,,,,,,,,,,,,,,,,0.07508286437421638,0.24425773754220512,,0.4066760437994964,0.38153862289749796,0.419113253618036,,-0.030641641140752268,,0.19669293275827768,,,,,,,,,,,,,,,,,0.6938698356626316,0.7411287033605742,0.9997163991355029,0.41504335455428626,,,,,,,,,,,,,,,,,,,,,,,,,,,,,,,,,,,,,,,,,,,,,,,,,,,,,,,,0.45990707712011214,0.44050370194756705,0.3598002658760828,,,,,,0.204824856859186,0.18876184082493966,0.021378938578954253,,,0.23742401431179036,0.23742401431179067,,,,,,,,,0.452223409618597,0.40856191477413595,0.4397602574751891,,1.0,,,,,,,,,,,,,,,,,,,,,0.4397602574751891,0.3974804523382701,0.452223409618597,0.40856191477413595,0.09340173300365537,-0.15710543140934152,-0.1492257724621551,,,,,1.0,0.9986164262559113,,,,,,,0.41504335455428604,0.4150433545542859,0.41504335455428576,0.19669293275827845,0.41911325361803586,,,
,,,,,,,,,,,,,,,,,,,,,,,,0.0604326844387756,0.20884857179140545,,0.36985247718933195,0.35288080843476416,0.3931572540479806,,-0.05181392379590852,,0.18433774617619306,,,,,,,,,,,,,,,,,0.6781874203105539,0.7242625316006479,0.9995853701221993,0.37822490478073034,,,,,,,,,,,,,,,,,,,,,,,,,,,,,,,,,,,,,,,,,,,,,,,,,,,,,,,,0.4225778287951685,0.40335405592317647,0.32403504951952555,,,,,,0.19181714364138971,0.17705775030753107,0.022558252406181638,,,0.2236129908452682,0.22361299084526848,,,,,,,,,0.4149901480559439,0.3792213414736408,0.41245792038508783,,0.9986164262559113,,,,,,,,,,,,,,,,,,,,,0.41245792038508783,0.3729727766755371,0.4149901480559439,0.3792213414736408,0.07759594220011855,-0.1391111407126736,-0.13153382705910271,,,,,0.9986164262559113,1.0,,,,,,,0.3782249047807302,0.37822490478073,0.37822490478072984,0.18433774617619342,0.39315725404798035,,,
,,,,,,,,,,,,,,,,,,,,,,,,,,,,,,,,,,,,,,,,,,,,,,,,,,,,,,,,,,,,,,,,,,,,,,,,,,,,,,,,,,,,,,,,,,,,,,,,,,,,,,,,,,,,,,,,,,,,,,,,,,,,,,,,,,,,,,,,,,,,,,,,,,,,,,,,,,,,,,,,,,,,,,,,,,,,,,,,,,,,,,,
,,,,,,,,,,,,,,,,,,,,,,,,,,,,,,,,,,,,,,,,,,,,,,,,,,,,,,,,,,,,,,,,,,,,,,,,,,,,,,,,,,,,,,,,,,,,,,,,,,,,,,,,,,,,,,,,,,,,,,,,,,,,,,,,,,,,,,,,,,,,,,,,,,,,,,,,,,,,,,,,,,,,,,,,,,,,,,,,,,,,,,,
,,,,,,,,,,,,,,,,,,,,,,,,,,,,,,,,,,,,,,,,,,,,,,,,,,,,,,,,,,,,,,,,,,,,,,,,,,,,,,,,,,,,,,,,,,,,,,,,,,,,,,,,,,,,,,,,,,,,,,,,,,,,,,,,,,,,,,,,,,,,,,,,,,,,,,,,,,,,,,,,,,,,,,,,,,,,,,,,,,,,,,,
,,,,,,,,,,,,,,,,,,,,,,,,,,,,,,,,,,,,,,,,,,,,,,,,,,,,,,,,,,,,,,,,,,,,,,,,,,,,,,,,,,,,,,,,,,,,,,,,,,,,,,,,,,,,,,,,,,,,,,,,,,,,,,,,,,,,,,,,,,,,,,,,,,,,,,,,,,,,,,,,,,,,,,,,,,,,,,,,,,,,,,,
,,,,,,0.2083573954513104,0.2083573954513097,,0.20835739545130982,-0.20835739545130974,0.23022298851208392,,-0.9086335355210188,,0.9897635984847158,-0.6256924152769533,,,,,,,0.024704590826948328,,,-0.9983151682334783,,,-0.08029457007230956,,,,,0.2871122609888593,,,,,,,,,,,,,,,,,,,,-0.4525731373974737,,0.45376274037715064,-0.9856370276193894,-0.9856370276193895,-0.9856370276193894,,,,-0.9856370276193894,-0.9856370276193895,,,0.4872512423621074,-0.20835739545130988,-0.20835739545130996,0.20835739545131007,0.20835739545131002,0.20835739545131,0.20835739545130982,,,0.20835739545130977,0.20835739545130974,0.2083573954513098,0.20835739545130988,0.20835739545131,0.990914466648355,0.9904403829248248,0.9876428390084409,0.9917516554287092,-0.6128686358497424,-0.6273791022817912,-0.6252214002298273,,,,0.9901234251309554,0.9886709744283588,-0.9087594846876512,-0.991530695473579,0.9897635984847154,-0.6256924152769536,0.9901234251309554,0.9897635984847156,-0.625692415276954,0.25303150279230835,0.05484312962703047,0.3922357355555675,,-0.9054253917756565,-0.9140869757617999,-0.9833543544659287,0.7263645849976563,-0.6256924152769534,,,,-0.2083573954513098,-0.20835739545131024,-0.995081631728971,-0.9968106807550895,-0.999914693174541,,,,-0.9024718586364688,,0.27103017861391177,0.27103017861391193,,0.9897635984847157,0.8179044640818184,-0.035790781485532205,0.20835739545131007,-0.8902138790685433,,-0.995081631728971,,,0.03807025759944656,,,,,,0.2177448111687236,-0.22261642742796645,0.9980581586650492,-0.610886711699576,0.23022298851208492,-0.998937671965217,-0.9983151682334783,-0.9866305718122308,0.9823872771961598,0.20835739545131002,0.20835739545130985,0.20835739545130993,0.9873685806746495,,0.169709318285836,-0.9527215720186386,-0.908633535521019,0.03807025759944656,-0.1392399050084872,,,,,,0.6355064552143259,,,,,,,,,,1.0,-0.18915731917522316,,,,,0.20795417350835782,-0.8797469372190682,-0.9983151682334789,
,,,,,,-0.9998039392925488,-0.9998039392925487,,-0.9998039392925486,0.9998039392925493,-0.02635787288369591,,0.1747714486816571,,-0.1902111085428194,0.12882326511096504,,,,,,,0.0010908042585563314,-0.9752765581141101,0.9724280063484588,0.9997391597666705,-0.07423952381003115,0.9212190962388735,0.963735402330516,,,,,0.2713127345451898,,,,,,,,,,,,,,,,,,,0.38792551450426943,0.2614619839197208,,0.4142530150685217,0.9999970511640783,0.9999970511640782,0.9999970511640782,,,,0.9999970511640783,0.9999970511640782,,,0.7612881262570591,0.9998039392925491,0.9998039392925486,-0.999803939292549,-0.999803939292549,-0.9998039392925495,-0.999803939292549,,,-0.9998039392925493,-0.9998039392925487,-0.9998039392925488,-0.9998039392925492,-0.9998039392925491,-0.1904914143231496,-0.1903736602689017,-0.18972057251717359,-0.19073590422329867,0.12590137234368956,0.12924844101379687,0.12946470449769015,,,,-0.1898356547937175,-0.19051349323546907,0.1787408883123492,0.19035048794670262,-0.19021110854281945,0.1288232651109651,-0.18983565479371753,-0.19021110854281936,0.12882326511096479,-0.031001756123310846,-0.032975372995547945,-0.09038225896103462,,0.17412277304902787,0.1758695539044953,0.18911915999003331,-0.1457094292566593,0.12882326511096517,0.3567364709494129,0.3712956374533598,0.4166853191895334,0.9998039392925487,0.9998039392925495,0.999832134124003,0.999999489791011,0.99770003637697,,,,0.9343290037544557,,-0.7561182437070845,-0.7561182437070841,,-0.19021110854281922,-0.710687057525143,-0.9298575867610784,-0.9998039392925491,0.17175477505915568,,0.999832134124003,-0.05598119772365367,0.9230254342289113,0.9558847708550011,,,,,,-0.9988161728510119,-0.8959569104808893,-0.19016570106348699,0.1272816502714745,-0.0263578728836947,0.9993945513692004,0.9997391597666704,0.9965736116620799,-0.309305665692765,-0.9998039392925491,-0.9998039392925486,-0.9998039392925488,-0.12240161124105817,,-0.0324873453507341,0.18524628999035972,0.17477144868165712,0.9558847708550011,0.9185456038949099,-0.05598119772365367,0.9230254342289113,-0.9335629299475611,0.9609233031702844,0.9629985215595571,-0.1113714497817489,,,,,,,,,,-0.18915731917522316,1.0,0.3879255145042691,0.387925514504269,0.38792551450426893,,0.870521614351754,0.8384494941623037,0.9997391597666695,
,,,,,,-0.3879255145042694,-0.3879255145042692,,-0.3879255145042694,0.38792551450426943,,,,,,,,,,,,,0.29516536226410023,-0.3002880746590494,0.4541376767609362,,0.8791080936107127,0.6293712723845257,0.39701561195621415,0.4275363462187763,0.7589961077200623,0.46317260148118367,0.5399318422725333,,,,,,,,,,,,,,,,,0.591370043675067,0.504346066561906,0.3983964446379788,1.0,,,,,,,,,,,,,,0.38792551450426926,0.38792551450426926,0.3879255145042693,-0.38792551450426915,-0.38792551450426926,-0.3879255145042694,-0.38792551450426926,,,-0.38792551450426915,-0.3879255145042693,-0.38792551450426915,-0.38792551450426915,-0.3879255145042693,,,,,,,,,,,,,,,,,,,,,,,,,,,,,0.9937212071181634,0.9981066258370497,0.9928014011103978,0.38792551450426926,0.38792551450427093,,,,0.5538339097247951,0.5258745715218596,0.22054181262745107,,,-0.3218144517022379,-0.32181445170223805,,,-0.38792551450426926,-0.3879255145042691,-0.38792551450426926,,,,0.8808508008059107,0.6493038904618659,0.4346607906264871,,0.41504335455428604,,,,-0.3879255145042692,-0.3879255145042694,,,,,,,-0.38792551450426965,-0.3879255145042693,-0.3879255145042692,-0.38792551450426926,0.3879255145042684,,,,,0.4346607906264871,0.36662581466596705,0.8808508008059107,0.6493038904618659,-0.27897351449871355,0.3552659355912303,0.34463414362189815,,,,,0.41504335455428604,0.3782249047807302,,,,,,0.3879255145042691,1.0,0.9999999999999998,1.0,0.539931842272534,0.3970156119562143,,,
,,,,,,-0.3879255145042691,-0.3879255145042691,,-0.38792551450426904,0.3879255145042693,,,,,,,,,,,,,0.2951653622641002,-0.3002880746590492,0.454137676760936,,0.8791080936107128,0.6293712723845253,0.39701561195621415,0.42753634621877584,0.7589961077200629,0.4631726014811838,0.5399318422725331,,,,,,,,,,,,,,,,,0.5913700436750666,0.5043460665619054,0.39839644463797846,1.0,,,,,,,,,,,,,,0.38792551450426904,0.387925514504269,0.38792551450426915,-0.38792551450426904,-0.38792551450426915,-0.38792551450426904,-0.38792551450426915,,,-0.38792551450426915,-0.38792551450426904,-0.387925514504269,-0.38792551450426904,-0.3879255145042691,,,,,,,,,,,,,,,,,,,,,,,,,,,,,0.9937212071181634,0.9981066258370491,0.9928014011103977,0.3879255145042691,0.3879255145042707,,,,0.553833909724795,0.5258745715218595,0.22054181262745087,,,-0.32181445170223805,-0.32181445170223816,,,-0.38792551450426904,-0.38792551450426893,-0.38792551450426915,,,,0.8808508008059104,0.6493038904618655,0.4346607906264871,,0.4150433545542859,,,,-0.38792551450426904,-0.38792551450426904,,,,,,,-0.38792551450426954,-0.38792551450426904,-0.387925514504269,-0.38792551450426915,0.38792551450426815,,,,,0.4346607906264871,0.366625814665967,0.8808508008059104,0.6493038904618655,-0.27897351449871355,0.35526593559123015,0.3446341436218979,,,,,0.4150433545542859,0.37822490478073,,,,,,0.387925514504269,0.9999999999999998,1.0,0.9999999999999997,0.5399318422725338,0.39701561195621415,,,
,,,,,,-0.3879255145042691,-0.3879255145042688,,-0.3879255145042688,0.3879255145042691,,,,,,,,,,,,,0.29516536226410056,-0.3002880746590492,0.45413767676093597,,0.8791080936107132,0.6293712723845253,0.39701561195621393,0.42753634621877634,0.7589961077200627,0.46317260148118394,0.5399318422725329,,,,,,,,,,,,,,,,,0.5913700436750664,0.5043460665619052,0.39839644463797846,1.0,,,,,,,,,,,,,,0.387925514504269,0.3879255145042689,0.38792551450426893,-0.38792551450426876,-0.387925514504269,-0.38792551450426904,-0.3879255145042691,,,-0.3879255145042688,-0.3879255145042689,-0.3879255145042688,-0.38792551450426893,-0.3879255145042689,,,,,,,,,,,,,,,,,,,,,,,,,,,,,0.9937212071181633,0.998106625837049,0.9928014011103973,0.38792551450426893,0.38792551450427065,,,,0.5538339097247948,0.5258745715218592,0.22054181262745065,,,-0.32181445170223755,-0.32181445170223766,,,-0.38792551450426876,-0.38792551450426893,-0.38792551450426904,,,,0.8808508008059102,0.6493038904618657,0.4346607906264868,,0.41504335455428576,,,,-0.3879255145042689,-0.3879255145042688,,,,,,,-0.3879255145042693,-0.3879255145042689,-0.38792551450426876,-0.3879255145042688,0.387925514504268,,,,,0.4346607906264868,0.3666258146659667,0.8808508008059102,0.6493038904618657,-0.2789735144987132,0.3552659355912299,0.3446341436218977,,,,,0.41504335455428576,0.37822490478072984,,,,,,0.38792551450426893,1.0,0.9999999999999997,1.0,0.5399318422725339,0.39701561195621393,,,
,,,,,,,,,,,,,,,,,,,,,,,,0.5524118276294969,0.2265977179071333,,0.5564859788663848,0.3058579013821824,0.7673335725090732,,0.31752628095929414,,0.9999999999999997,,,,,,,,,,,,,,,,,0.6841304439230108,0.43447500966614283,0.19091957795415776,0.539931842272534,,,,,,,,,,,,,,,,,,,,,,,,,,,,,,,,,,,,,,,,,,,,,,,,,,,,,,,,0.5662471525395808,0.555512303132548,0.5004086811424755,,,,,,0.9998306995778455,0.9998299103077777,0.9221234009939637,,,0.24715192752442797,0.24715192752442786,,,,,,,,,0.577926296980494,0.3244799711235636,0.7638085331177132,,0.19669293275827845,,,,,,,,,,,,,,,,,,,,,0.7638085331177132,0.7690638981463652,0.577926296980494,0.3244799711235636,0.42749048794664324,-0.42776888376711586,-0.42793511330514167,,,,,0.19669293275827845,0.18433774617619342,,,,,,,0.539931842272534,0.5399318422725338,0.5399318422725339,1.0,0.7673335725090734,,,
,,,,,,-0.863394930817863,-0.8633949308178627,,-0.863394930817863,0.8633949308178627,-0.21369779197057068,,-0.21767309444437505,,0.23760265439518255,-0.21449550649516522,,,,,,,0.3892580915706648,-0.9128509990284331,0.9539676430310126,0.8765652486118772,-0.04577518415835332,0.8935598618799008,0.9457287596221025,0.8856242093997974,0.4459548226039856,0.4937072847983183,0.7673335725090732,0.9990179516242866,,,,,,,,,,,,,,,,0.8414657887742533,0.7436445793904537,0.40730681192789137,0.3970156119562142,0.9436470166162374,,0.40685710066046316,0.556261089825175,0.5562610898251751,0.5562610898251751,,,,0.556261089825175,0.5562610898251751,,,0.9304316723330603,0.863394930817863,0.8633949308178629,-0.8633949308178628,-0.863394930817863,-0.8633949308178628,-0.863394930817863,,,-0.8633949308178624,-0.8633949308178628,-0.8633949308178626,-0.8633949308178626,-0.863394930817863,0.2343501090775892,0.23588144107421616,0.24146355622889407,0.22791475878676884,-0.20288743587742047,-0.22172508962116214,-0.21575428921778383,,,,0.2390255494724071,0.23269594830349413,-0.22208238133540004,-0.23516646208964637,0.23760265439518274,-0.21449550649516538,0.23902554947240734,0.23760265439518258,-0.2144955064951662,-0.21031096076324335,0.2479505123727309,0.18967799210016675,,-0.21489446697501063,-0.22345143218654076,-0.22562828421262135,0.2007172060702351,-0.2144955064951653,0.3710727655179318,0.38337791587927944,0.4190232410125699,0.8633949308178627,0.8633949308178627,0.8956286629068668,0.886862275149496,0.8540300764714917,0.7767758196058439,0.7576212682307318,0.5789143753511499,0.9934117054166425,,-0.47779368524149624,-0.4777936852414958,,0.23760265439518263,-0.37570193213513803,-0.9433797815187424,-0.8633949308178631,-0.22251464313653116,,0.8956286629068668,-0.024283345070993983,0.8993612307137657,0.9719185486130184,,0.41911325361803586,,,,-0.8735259299054855,-0.9465310565960592,0.21959671276194928,-0.21954722442888042,-0.2136977919705693,0.8707470979981646,0.876565248611877,0.9224291801995732,0.10715739042421715,-0.8633949308178628,-0.8633949308178629,-0.8633949308178628,0.30871762930466096,,-0.11009835991914808,-0.22298063858776102,-0.217673094444375,0.9719185486130184,0.9034915950532131,-0.024283345070993983,0.8993612307137657,-0.900949499767727,0.9222783259126773,0.9257283899034829,-0.12842744089348007,,,,0.41911325361803586,0.39315725404798035,,,,,0.20795417350835782,0.870521614351754,0.3970156119562143,0.39701561195621415,0.39701561195621393,0.7673335725090734,1.0,0.49266962958769733,0.8765652486118769,
,,,,,,,,,,,-0.8770067385092704,,0.9263324669885292,,0.8384494941623046,0.9905809466081459,,,,,,,0.9997491523670673,,,0.8506774858212719,,,0.4586733793508805,,,,,0.4536289079224732,,,,,,,,,,,,,,,,,,,,0.7529075164386825,,0.9953817254074001,,,,,,,,,,,,,,,,,,,,,,,,,0.833224602520618,0.8358316087570362,0.8436737056722278,,0.990580946608146,0.990580946608146,0.9905809466081459,,,,0.8922325368543996,0.6292909444603207,0.9856490355158489,-0.8846613627379564,0.8384494941623037,0.9905809466081459,0.8922325368543986,0.8384494941623034,0.9905809466081447,-0.8670439684656904,0.9808313552677461,0.9905809466081459,,0.9220920374653392,0.9433655636101619,0.9390723583567206,-0.9729111647343537,0.990580946608146,,,,,,0.8283235189019248,0.8389995811894839,0.8734618345794821,,,,0.5891506692623164,,,,,0.8384494941623039,0.8384494941623045,0.990580946608146,,0.9320971563149019,,0.8283235189019248,,,0.5165942990544924,,,,,,-0.8770067385092705,0.9263324669885293,-0.9309872251641866,0.9733105169416775,-0.877006738509271,0.8569031475978244,0.8506774858212719,0.7905010975196027,0.8384494941623046,,,,0.8384494941623042,,0.919311520724327,0.9993583545022717,0.9263324669885292,0.5165942990544924,0.385379188294535,,,,,,0.9854759333890789,,,,,,,,,,-0.8797469372190682,0.8384494941623037,,,,,0.49266962958769733,1.0,0.8506774858212717,
,,,,,,,,,,,-0.9986314190735258,,0.9860405003407623,,0.9997391597666704,0.7706832971463943,,,,,,,0.8386901834837558,,,1.0,,,0.8573120191851572,,,,,0.854380091524827,,,,,,,,,,,,,,,,,,,,0.9864505530337271,,0.7962849145860648,,,,,,,,,,,,,,,,,,,,,,,,,0.9994765061030767,0.9996184025323815,0.9999131075391783,,0.7706832971463944,0.7706832971463944,0.7706832971463944,,,,0.9963903164570548,0.9438724363723656,0.749729365243964,-0.9976551706116105,0.9997391597666694,0.7706832971463944,0.9963903164570534,0.9997391597666693,0.7706832971463933,-0.9994891445061074,0.936805939277761,0.7706832971463944,,0.9878287352876264,0.9768994763671202,0.9795369187719581,-0.7061054561417798,0.7706832971463943,,,,,,0.9991528796070593,0.9997617205070557,0.998987898124604,,,,0.925945264388992,,,,,0.9997391597666696,0.9997391597666704,0.7706832971463943,,0.9833226302371906,,0.9991528796070593,,,0.8895650871246533,,,,,,-0.9986314190735257,0.9860405003407622,-0.9838731807814292,0.7073320974884474,-0.9986314190735261,0.9999284934098924,1.0,0.9944246522819867,0.9997391597666704,,,,0.9997391597666699,,0.9889119018728354,0.8313029273691678,0.9860405003407621,0.8895650871246533,0.8129163133803801,,,,,,0.749052412894108,,,,,,,,,,-0.9983151682334789,0.9997391597666695,,,,,0.8765652486118769,0.8506774858212717,1.0,
,,,,,,,,,,,,,,,,,,,,,,,,,,,,,,,,,,,,,,,,,,,,,,,,,,,,,,,,,,,,,,,,,,,,,,,,,,,,,,,,,,,,,,,,,,,,,,,,,,,,,,,,,,,,,,,,,,,,,,,,,,,,,,,,,,,,,,,,,,,,,,,,,,,,,,,,,,,,,,,,,,,,,,,,,,,,,,,,,,,,,,,
